"","date","ko_diff","sub_diff"
"1","2021-10-02",7,0
"2","2021-10-02",0,-1
"3","2021-10-02",0,-5
"4","2021-10-02",2,0
"5","2021-10-02",1,-2
"6","2021-10-02",-1,0
"7","2021-10-02",-1,0
"8","2021-10-02",-3,0
"9","2021-10-02",1,0
"11","2021-10-02",1,0
"12","2021-09-25",0,-3
"13","2021-09-25",1,1
"14","2021-09-25",2,-6
"15","2021-09-25",-1,0
"16","2021-09-25",4,-1
"17","2021-09-25",-2,-1
"18","2021-09-25",5,2
"19","2021-09-25",1,0
"20","2021-09-25",-1,0
"21","2021-09-25",1,1
"23","2021-09-25",1,0
"24","2021-09-25",1,0
"25","2021-09-18",5,2
"26","2021-09-18",3,0
"27","2021-09-18",0,1
"28","2021-09-18",0,-2
"29","2021-09-18",-2,1
"30","2021-09-18",2,-1
"31","2021-09-18",-2,0
"32","2021-09-18",0,2
"34","2021-09-18",2,0
"35","2021-09-18",0,-1
"37","2021-09-18",0,-1
"38","2021-09-04",5,2
"39","2021-09-04",1,0
"40","2021-09-04",2,0
"41","2021-09-04",2,0
"42","2021-09-04",-1,0
"43","2021-09-04",-1,0
"44","2021-09-04",0,2
"45","2021-09-04",0,1
"47","2021-08-28",-6,0
"50","2021-08-28",-1,-3
"52","2021-08-28",-1,6
"53","2021-08-28",2,0
"54","2021-08-28",-5,-1
"55","2021-08-28",-1,-1
"59","8/21/2021",2,-2
"60","8/21/2021",-1,-4
"61","8/21/2021",-2,0
"62","8/21/2021",-1,0
"64","8/21/2021",2,0
"65","8/21/2021",-1,0
"66","8/21/2021",2,2
"67","8/21/2021",0,-1
"68","8/21/2021",2,0
"69","8/21/2021",1,-3
"70","8/21/2021",-1,0
"71","8/7/2021",-11,2
"72","8/7/2021",8,-3
"73","8/7/2021",8,-2
"74","8/7/2021",-1,1
"75","8/7/2021",2,0
"76","8/7/2021",0,-3
"77","8/7/2021",0,-1
"78","8/7/2021",0,-4
"79","8/7/2021",1,2
"80","8/7/2021",-1,-1
"81","8/7/2021",1,-1
"82","8/7/2021",-1,0
"84","7/31/2021",-5,1
"88","7/31/2021",-3,0
"89","7/31/2021",2,0
"91","7/31/2021",-2,0
"93","7/24/2021",3,0
"94","7/24/2021",-1,0
"95","7/24/2021",3,1
"96","7/24/2021",3,0
"97","7/24/2021",1,0
"98","7/24/2021",-1,3
"99","7/24/2021",-2,0
"100","7/24/2021",-1,4
"101","7/24/2021",2,1
"104","7/17/2021",0,2
"105","7/17/2021",-2,2
"106","7/17/2021",-7,0
"107","7/17/2021",-1,2
"108","7/17/2021",0,-1
"109","7/17/2021",1,1
"110","7/17/2021",1,1
"111","7/17/2021",-1,0
"113","7/17/2021",0,2
"114","7/10/2021",2,3
"115","7/10/2021",-2,4
"116","7/10/2021",-1,0
"117","7/10/2021",1,1
"118","7/10/2021",4,0
"119","7/10/2021",-3,-4
"120","7/10/2021",-3,-1
"121","7/10/2021",1,-1
"122","7/10/2021",-2,0
"123","7/10/2021",-1,1
"124","7/10/2021",0,-1
"126","6/26/2021",-3,2
"127","6/26/2021",-7,-5
"128","6/26/2021",-2,-1
"129","6/26/2021",5,2
"130","6/26/2021",0,3
"131","6/26/2021",2,-1
"132","6/26/2021",0,-2
"133","6/26/2021",-3,-3
"134","6/26/2021",-1,0
"135","6/26/2021",1,0
"136","6/26/2021",-1,2
"137","6/26/2021",-1,-3
"138","6/19/2021",2,0
"139","6/19/2021",0,-5
"140","6/19/2021",3,4
"141","6/19/2021",-2,-1
"143","6/19/2021",10,2
"144","6/19/2021",-1,0
"145","6/19/2021",0,2
"146","6/19/2021",1,0
"147","6/19/2021",2,0
"148","6/19/2021",-2,0
"149","6/19/2021",1,0
"150","6/12/2021",4,-2
"151","6/12/2021",-3,-1
"152","6/12/2021",-2,-10
"153","6/12/2021",0,-10
"154","6/12/2021",-1,5
"155","6/12/2021",-6,-1
"156","6/12/2021",1,-1
"157","6/12/2021",1,0
"158","6/12/2021",-1,0
"159","6/12/2021",-1,-1
"160","6/12/2021",0,-1
"161","6/12/2021",0,-1
"162","6/12/2021",-1,0
"163","6/12/2021",-1,0
"164","6/5/2021",2,0
"165","6/5/2021",-3,0
"166","6/5/2021",1,0
"167","6/5/2021",3,-1
"168","6/5/2021",-1,0
"169","6/5/2021",0,2
"170","6/5/2021",1,2
"171","6/5/2021",-3,-2
"172","6/5/2021",-1,-3
"173","6/5/2021",1,0
"174","6/5/2021",1,0
"175","6/5/2021",-1,0
"176","5/22/2021",0,1
"177","5/22/2021",0,1
"179","5/22/2021",-1,-1
"180","5/22/2021",1,1
"181","5/22/2021",0,2
"182","5/22/2021",9,2
"183","5/22/2021",0,-1
"184","5/22/2021",1,0
"187","5/22/2021",0,-1
"188","5/15/2021",0,13
"189","5/15/2021",-2,-1
"190","5/15/2021",1,-1
"191","5/15/2021",-1,0
"192","5/15/2021",5,-1
"193","5/15/2021",-5,-8
"194","5/15/2021",0,1
"196","5/15/2021",-2,-1
"199","5/15/2021",0,1
"200","5/8/2021",2,-4
"201","5/8/2021",-9,-9
"202","5/8/2021",1,0
"203","5/8/2021",3,-1
"205","5/8/2021",2,0
"206","5/8/2021",-1,0
"207","5/8/2021",-1,0
"208","5/8/2021",-1,0
"209","5/1/2021",-2,-1
"210","5/1/2021",-4,-2
"211","5/1/2021",2,1
"213","5/1/2021",1,-1
"214","5/1/2021",0,1
"215","5/1/2021",-1,0
"218","5/1/2021",-2,-1
"219","4/24/2021",-4,0
"220","4/24/2021",0,2
"221","4/24/2021",-2,0
"222","4/24/2021",3,-3
"223","4/24/2021",3,2
"224","4/24/2021",-2,-1
"225","4/24/2021",2,0
"228","4/24/2021",1,0
"232","4/17/2021",2,-2
"233","4/17/2021",9,2
"234","4/17/2021",-4,0
"236","4/17/2021",1,1
"238","4/17/2021",1,2
"239","4/17/2021",1,5
"240","4/17/2021",1,0
"242","4/10/2021",-3,0
"243","4/10/2021",-2,2
"244","4/10/2021",-4,1
"245","4/10/2021",0,2
"246","4/10/2021",-3,1
"247","4/10/2021",-3,-8
"248","4/10/2021",-2,-1
"249","4/10/2021",2,0
"250","4/10/2021",-2,0
"251","4/10/2021",0,2
"252","4/10/2021",1,-2
"253","4/10/2021",-1,1
"254","4/10/2021",-1,0
"255","3/27/2021",0,1
"256","3/27/2021",2,-1
"257","3/27/2021",-1,0
"258","3/27/2021",0,-4
"259","3/27/2021",-1,-1
"260","3/27/2021",4,0
"262","3/27/2021",1,0
"265","3/20/2021",4,0
"266","3/20/2021",-1,0
"268","3/20/2021",2,-1
"269","3/20/2021",3,0
"270","3/20/2021",0,-1
"271","3/20/2021",-2,1
"272","3/20/2021",2,0
"273","3/20/2021",1,1
"274","3/20/2021",0,-1
"275","3/13/2021",0,-3
"276","3/13/2021",1,0
"277","3/13/2021",-1,0
"278","3/13/2021",0,1
"279","3/13/2021",2,0
"280","3/13/2021",1,0
"281","3/13/2021",0,10
"282","3/13/2021",1,0
"283","3/13/2021",-1,-2
"285","3/13/2021",0,-1
"286","3/6/2021",0,2
"287","3/6/2021",6,1
"288","3/6/2021",-3,4
"289","3/6/2021",-5,1
"290","3/6/2021",-9,0
"291","3/6/2021",2,-1
"292","3/6/2021",0,-1
"293","3/6/2021",-6,-4
"294","3/6/2021",-1,-1
"295","3/6/2021",-1,0
"297","3/6/2021",-1,-3
"300","3/6/2021",-1,0
"301","2/27/2021",-4,2
"302","2/27/2021",1,-4
"303","2/27/2021",2,3
"304","2/27/2021",1,3
"305","2/27/2021",-1,1
"306","2/27/2021",1,0
"320","2/20/2021",-1,0
"321","2/13/2021",-1,-3
"322","2/13/2021",-4,0
"323","2/13/2021",1,2
"324","2/13/2021",-1,-2
"325","2/13/2021",-1,1
"326","2/13/2021",0,-1
"327","2/13/2021",0,1
"328","2/13/2021",0,1
"329","2/13/2021",1,0
"330","2/13/2021",-1,0
"331","2/6/2021",-17,-8
"332","2/6/2021",-2,-1
"333","2/6/2021",2,2
"334","2/6/2021",0,3
"335","2/6/2021",-2,4
"336","2/6/2021",-3,0
"339","1/23/2021",1,3
"340","1/23/2021",-5,-1
"341","1/23/2021",0,1
"343","1/23/2021",1,-2
"344","1/23/2021",2,-5
"345","1/23/2021",1,-3
"346","1/23/2021",-3,0
"347","1/23/2021",-3,-2
"348","1/23/2021",0,1
"349","1/20/2021",-5,5
"350","1/20/2021",2,3
"351","1/20/2021",0,-1
"353","1/20/2021",-2,2
"355","1/20/2021",-2,0
"356","1/20/2021",1,0
"357","1/20/2021",1,0
"358","1/20/2021",1,-2
"360","1/20/2021",-1,0
"362","1/20/2021",-1,0
"363","1/16/2021",5,2
"364","1/16/2021",-5,2
"365","1/16/2021",1,0
"366","1/16/2021",-1,0
"368","1/16/2021",0,-1
"369","1/16/2021",-1,0
"370","1/16/2021",0,-1
"371","1/16/2021",-1,-1
"394","12/5/2020",-3,-1
"395","12/5/2020",-8,-5
"396","12/5/2020",0,2
"397","12/5/2020",1,0
"398","12/5/2020",3,1
"399","12/5/2020",-2,-2
"400","12/5/2020",0,-1
"401","12/5/2020",-4,0
"402","11/28/2020",6,3
"404","11/28/2020",-2,0
"405","11/28/2020",-1,0
"406","11/28/2020",-1,0
"407","11/28/2020",1,0
"409","11/28/2020",0,-1
"411","11/28/2020",-2,-1
"412","11/21/2020",2,-1
"413","11/21/2020",2,1
"414","11/21/2020",1,2
"415","11/21/2020",0,-3
"416","11/21/2020",-21,4
"419","11/21/2020",1,0
"420","11/21/2020",-1,-1
"421","11/21/2020",4,0
"422","11/21/2020",-1,0
"423","11/21/2020",-1,0
"424","11/14/2020",0,3
"425","11/14/2020",-3,0
"426","11/14/2020",0,-1
"427","11/14/2020",1,-1
"429","11/14/2020",1,1
"430","11/14/2020",0,-1
"431","11/14/2020",1,0
"432","11/14/2020",2,0
"433","11/7/2020",-3,6
"434","11/7/2020",9,2
"435","11/7/2020",1,1
"436","11/7/2020",0,-1
"439","11/7/2020",-4,0
"440","11/7/2020",3,1
"441","11/7/2020",1,0
"442","11/7/2020",-1,0
"443","10/31/2020",-14,-3
"444","10/31/2020",-3,1
"445","10/31/2020",3,-2
"446","10/31/2020",2,1
"447","10/31/2020",0,-2
"448","10/31/2020",-1,0
"449","10/31/2020",1,0
"450","10/31/2020",1,1
"452","10/31/2020",0,-1
"454","10/24/2020",-3,4
"456","10/24/2020",-4,0
"457","10/24/2020",1,0
"458","10/24/2020",2,0
"460","10/24/2020",-3,-6
"461","10/24/2020",0,-2
"462","10/24/2020",-4,-3
"463","10/24/2020",0,-1
"465","10/17/2020",-1,1
"466","10/17/2020",3,2
"467","10/17/2020",1,2
"468","10/17/2020",3,-1
"469","10/17/2020",-2,0
"471","10/17/2020",0,4
"472","10/17/2020",-1,0
"474","10/17/2020",0,-2
"475","10/17/2020",1,0
"477","10/10/2020",6,-3
"478","10/10/2020",-7,-2
"479","10/10/2020",0,-2
"480","10/10/2020",1,0
"482","10/10/2020",3,0
"483","10/10/2020",1,-1
"489","10/3/2020",1,-1
"490","10/3/2020",-1,0
"491","10/3/2020",2,0
"494","10/3/2020",6,2
"497","10/3/2020",0,1
"499","9/26/2020",-1,0
"500","9/26/2020",0,1
"501","9/26/2020",0,1
"502","9/26/2020",0,1
"503","9/26/2020",-1,0
"505","9/26/2020",-5,2
"506","9/26/2020",-1,0
"508","9/26/2020",0,1
"510","9/19/2020",-4,-2
"511","9/19/2020",0,-4
"512","9/19/2020",2,-1
"513","9/19/2020",0,1
"516","9/19/2020",-2,-1
"520","9/19/2020",1,0
"522","9/19/2020",1,0
"523","9/12/2020",-2,4
"524","9/12/2020",0,-1
"525","9/12/2020",1,0
"526","9/12/2020",2,4
"527","9/12/2020",-1,1
"528","9/12/2020",-1,0
"529","9/12/2020",0,-2
"531","9/12/2020",0,3
"532","9/12/2020",2,0
"533","9/12/2020",3,1
"535","9/5/2020",17,8
"536","9/5/2020",6,5
"537","9/5/2020",1,0
"540","9/5/2020",1,-3
"542","8/29/2020",-4,-3
"543","8/29/2020",-7,1
"544","8/29/2020",-1,0
"545","8/29/2020",5,3
"546","8/29/2020",-1,0
"548","8/29/2020",0,4
"549","8/29/2020",1,2
"551","8/29/2020",-1,0
"552","8/22/2020",2,-1
"553","8/22/2020",1,0
"554","8/22/2020",1,-1
"555","8/22/2020",-1,1
"556","8/22/2020",0,1
"557","8/22/2020",-1,0
"561","8/15/2020",1,-4
"562","8/15/2020",2,4
"563","8/15/2020",-6,0
"564","8/15/2020",-6,0
"565","8/15/2020",-2,-10
"566","8/15/2020",0,1
"567","8/15/2020",0,-1
"568","8/15/2020",-1,2
"571","8/8/2020",9,-6
"572","8/8/2020",2,3
"573","8/8/2020",1,0
"575","8/8/2020",0,4
"576","8/8/2020",5,2
"577","8/8/2020",1,1
"578","8/8/2020",1,0
"580","8/8/2020",-1,1
"583","8/1/2020",4,1
"584","8/1/2020",-1,-1
"585","8/1/2020",5,1
"586","8/1/2020",0,2
"587","8/1/2020",1,0
"590","7/25/2020",3,0
"591","7/25/2020",13,-3
"592","7/25/2020",1,8
"593","7/25/2020",0,1
"594","7/25/2020",0,2
"595","7/25/2020",3,2
"596","7/25/2020",0,1
"597","7/25/2020",4,2
"599","7/25/2020",-1,0
"600","7/25/2020",-1,0
"601","7/25/2020",1,0
"602","7/25/2020",-1,0
"604","7/25/2020",0,3
"605","7/18/2020",-2,-3
"607","7/18/2020",-2,0
"609","7/18/2020",-2,-2
"611","7/18/2020",0,2
"612","7/18/2020",0,-2
"613","7/18/2020",0,1
"615","7/18/2020",0,-3
"616","7/18/2020",0,1
"617","7/15/2020",3,-1
"618","7/15/2020",-2,1
"619","7/15/2020",1,0
"621","7/15/2020",-4,0
"622","7/15/2020",-1,0
"623","7/15/2020",-1,-1
"625","7/15/2020",1,-1
"627","7/15/2020",0,1
"628","7/11/2020",-5,0
"629","7/11/2020",-6,-2
"630","7/11/2020",-8,0
"631","7/11/2020",-2,1
"632","7/11/2020",-2,-1
"633","7/11/2020",-3,0
"634","7/11/2020",-1,-1
"635","7/11/2020",1,1
"636","7/11/2020",2,2
"637","7/11/2020",2,0
"638","7/11/2020",1,0
"641","6/27/2020",3,1
"642","6/27/2020",4,-4
"643","6/27/2020",1,1
"644","6/27/2020",-4,1
"645","6/27/2020",0,-1
"646","6/27/2020",0,1
"649","6/27/2020",1,0
"651","6/27/2020",0,-1
"652","6/20/2020",3,0
"653","6/20/2020",1,-1
"654","6/20/2020",-2,0
"655","6/20/2020",-2,1
"656","6/20/2020",3,7
"657","6/20/2020",-1,-1
"658","6/20/2020",0,1
"659","6/20/2020",-1,0
"660","6/20/2020",0,1
"661","6/20/2020",-1,0
"662","6/20/2020",1,0
"664","6/13/2020",-1,3
"665","6/13/2020",0,-1
"666","6/13/2020",0,2
"667","6/13/2020",2,0
"668","6/13/2020",0,-1
"674","6/6/2020",7,1
"675","6/6/2020",2,-1
"676","6/6/2020",-1,2
"677","6/6/2020",4,-2
"678","6/6/2020",-7,0
"679","6/6/2020",0,2
"680","6/6/2020",-1,-5
"681","6/6/2020",-2,-2
"682","6/6/2020",0,-1
"683","6/6/2020",1,-1
"684","6/6/2020",-2,0
"685","6/6/2020",-1,-1
"686","5/30/2020",-3,0
"687","5/30/2020",2,0
"688","5/30/2020",-1,1
"689","5/30/2020",0,1
"690","5/30/2020",0,1
"691","5/30/2020",0,-1
"692","5/30/2020",0,1
"694","5/30/2020",0,-1
"695","5/30/2020",-3,-2
"708","5/13/2020",1,3
"709","5/13/2020",1,-3
"710","5/13/2020",4,1
"711","5/13/2020",1,-2
"712","5/13/2020",11,2
"713","5/13/2020",-4,0
"714","5/13/2020",-1,-1
"715","5/13/2020",-1,-2
"716","5/13/2020",1,2
"717","5/13/2020",1,0
"718","5/9/2020",2,1
"719","5/9/2020",0,-1
"720","5/9/2020",-4,0
"721","5/9/2020",-6,-3
"722","5/9/2020",-5,-4
"723","5/9/2020",0,-3
"724","5/9/2020",1,-10
"725","5/9/2020",-1,-6
"726","5/9/2020",1,0
"727","5/9/2020",4,1
"728","5/9/2020",-5,0
"729","5/9/2020",1,0
"730","3/14/2020",-1,9
"731","3/14/2020",1,-7
"732","3/14/2020",-2,2
"733","3/14/2020",0,4
"734","3/14/2020",1,2
"735","3/14/2020",0,-1
"737","3/14/2020",3,1
"741","3/7/2020",-4,0
"742","3/7/2020",-1,1
"743","3/7/2020",1,5
"744","3/7/2020",-1,1
"745","3/7/2020",3,3
"746","3/7/2020",0,-1
"747","3/7/2020",1,0
"748","3/7/2020",0,1
"749","3/7/2020",1,4
"752","2/29/2020",-3,-2
"753","2/29/2020",0,1
"754","2/29/2020",-1,0
"755","2/29/2020",1,1
"756","2/29/2020",0,1
"758","2/29/2020",-3,1
"759","2/29/2020",1,1
"760","2/29/2020",2,-1
"764","2/22/2020",2,1
"765","2/22/2020",-1,1
"767","2/22/2020",3,1
"768","2/22/2020",-3,0
"769","2/22/2020",1,0
"770","2/22/2020",1,0
"771","2/22/2020",1,4
"772","2/22/2020",2,0
"774","2/22/2020",2,0
"775","2/22/2020",-1,0
"776","6/29/2019",-3,1
"777","6/29/2019",5,1
"778","6/29/2019",0,7
"779","6/29/2019",1,-1
"780","6/29/2019",0,1
"781","6/29/2019",1,-3
"782","6/29/2019",1,0
"783","6/29/2019",2,0
"784","6/29/2019",1,0
"786","6/29/2019",0,-1
"787","6/29/2019",-1,1
"788","6/22/2019",2,0
"789","6/22/2019",-2,0
"791","6/22/2019",0,-3
"792","6/22/2019",-1,1
"793","6/22/2019",1,1
"795","6/22/2019",-2,-2
"796","6/22/2019",1,0
"798","6/22/2019",0,-2
"799","7/6/2019",-6,5
"800","7/6/2019",5,2
"801","7/6/2019",5,0
"802","7/6/2019",-5,-5
"803","7/6/2019",-6,4
"804","7/6/2019",-8,2
"805","7/6/2019",3,3
"807","7/6/2019",-2,1
"809","7/6/2019",0,1
"811","2/15/2020",-1,2
"812","2/15/2020",5,2
"813","2/15/2020",0,2
"815","2/15/2020",-1,2
"816","2/15/2020",-2,-2
"817","2/15/2020",-5,-2
"818","2/15/2020",5,-3
"819","2/15/2020",-1,-8
"822","2/15/2020",2,1
"823","2/15/2020",0,-1
"824","7/13/2019",1,0
"825","7/13/2019",1,12
"826","7/13/2019",0,-1
"827","7/13/2019",0,1
"828","7/13/2019",0,-2
"829","7/13/2019",2,0
"830","7/13/2019",2,0
"831","7/13/2019",-3,0
"833","7/13/2019",0,-1
"835","7/20/2019",-2,-3
"836","7/20/2019",4,-5
"838","7/20/2019",3,-1
"839","7/20/2019",-3,-2
"840","7/20/2019",3,0
"841","7/20/2019",1,2
"842","7/20/2019",0,1
"843","7/20/2019",-5,-1
"844","7/20/2019",-1,0
"845","7/20/2019",0,2
"848","7/27/2019",4,0
"849","7/27/2019",9,-1
"850","7/27/2019",-2,-1
"851","7/27/2019",-1,-4
"852","7/27/2019",1,0
"853","7/27/2019",0,-1
"856","7/27/2019",2,-2
"857","7/27/2019",0,3
"858","7/27/2019",3,2
"859","8/3/2019",-10,2
"860","8/3/2019",1,8
"861","8/3/2019",-2,0
"862","8/3/2019",-1,3
"863","8/3/2019",0,1
"864","8/3/2019",-1,0
"865","8/3/2019",0,4
"867","8/3/2019",0,1
"868","8/3/2019",1,-1
"869","8/3/2019",0,2
"871","2/8/2020",2,4
"872","2/8/2020",1,2
"873","2/8/2020",-1,0
"874","2/8/2020",-1,0
"875","2/8/2020",7,-2
"876","2/8/2020",-1,-1
"877","2/8/2020",-1,-1
"878","2/8/2020",2,0
"881","2/8/2020",-1,0
"883","8/10/2019",0,1
"884","8/10/2019",2,3
"885","8/10/2019",-1,0
"886","8/10/2019",-1,-2
"887","8/10/2019",-1,0
"888","8/10/2019",0,-1
"889","8/10/2019",2,4
"891","8/10/2019",0,-1
"895","8/10/2019",0,-1
"896","8/17/2019",0,-4
"897","8/17/2019",0,4
"898","8/17/2019",-3,0
"899","8/17/2019",0,-2
"900","8/17/2019",6,2
"901","8/17/2019",-2,0
"903","8/17/2019",0,-1
"904","8/17/2019",0,-3
"906","8/17/2019",0,2
"907","8/17/2019",-1,0
"908","8/31/2019",-3,-1
"909","8/31/2019",2,-1
"910","8/31/2019",0,-1
"911","8/31/2019",2,0
"912","8/31/2019",0,-1
"914","8/31/2019",-1,0
"919","9/7/2019",-7,0
"920","9/7/2019",-2,1
"921","9/7/2019",1,-1
"922","9/7/2019",1,0
"923","9/7/2019",-2,1
"924","9/7/2019",1,1
"925","9/7/2019",0,1
"926","9/7/2019",0,-1
"928","9/7/2019",-1,0
"929","9/7/2019",1,-4
"930","9/7/2019",1,0
"931","9/14/2019",-7,-10
"932","9/14/2019",4,2
"933","9/14/2019",-1,0
"934","9/14/2019",6,-5
"935","9/14/2019",0,3
"936","9/14/2019",-1,0
"939","9/14/2019",1,4
"940","9/14/2019",2,2
"942","9/21/2019",0,1
"943","9/21/2019",0,1
"944","9/21/2019",-1,0
"945","9/21/2019",0,1
"946","9/21/2019",-3,0
"949","9/21/2019",0,3
"950","9/21/2019",1,0
"951","9/21/2019",0,1
"952","9/28/2019",1,-2
"954","9/28/2019",2,-3
"955","9/28/2019",-1,1
"956","9/28/2019",6,4
"957","9/28/2019",-4,-3
"959","9/28/2019",-1,0
"960","9/28/2019",-3,-1
"961","9/28/2019",0,-1
"962","9/28/2019",-2,-1
"963","9/28/2019",1,-1
"965","10/5/2019",-3,0
"966","10/5/2019",2,2
"967","10/5/2019",-2,0
"968","10/5/2019",1,0
"970","10/5/2019",1,4
"973","10/5/2019",1,0
"975","10/5/2019",1,0
"976","1/25/2020",-6,0
"977","1/25/2020",-4,2
"978","1/25/2020",1,1
"979","1/25/2020",1,0
"980","1/25/2020",-1,0
"982","1/25/2020",-3,0
"984","1/25/2020",0,1
"985","1/25/2020",1,3
"986","1/25/2020",0,1
"988","10/12/2019",2,-4
"989","10/12/2019",4,1
"990","10/12/2019",1,-1
"992","10/12/2019",-1,-1
"993","10/12/2019",2,-4
"994","10/12/2019",1,0
"996","10/12/2019",0,1
"997","10/12/2019",3,-1
"998","10/12/2019",3,4
"1000","10/12/2019",0,1
"1002","10/18/2019",-5,0
"1003","10/18/2019",-2,-2
"1004","10/18/2019",5,7
"1005","10/18/2019",3,-3
"1006","10/18/2019",2,0
"1007","10/18/2019",0,-2
"1011","10/18/2019",0,-2
"1012","10/18/2019",0,-1
"1013","10/18/2019",-1,0
"1014","10/26/2019",1,10
"1015","10/26/2019",-2,0
"1016","10/26/2019",0,4
"1017","10/26/2019",0,1
"1018","10/26/2019",2,0
"1019","10/26/2019",0,1
"1020","10/26/2019",-2,0
"1022","10/26/2019",0,-1
"1023","10/26/2019",0,-1
"1025","1/18/2020",-3,-6
"1026","1/18/2020",2,-2
"1027","1/18/2020",0,4
"1028","1/18/2020",0,-3
"1029","1/18/2020",-2,0
"1031","1/18/2020",3,1
"1032","1/18/2020",0,-1
"1033","1/18/2020",0,-1
"1034","1/18/2020",1,1
"1036","11/2/2019",5,-8
"1037","11/2/2019",-1,-2
"1038","11/2/2019",0,-3
"1039","11/2/2019",10,0
"1040","11/2/2019",-1,2
"1041","11/2/2019",-1,0
"1042","11/2/2019",0,-1
"1043","11/2/2019",-1,1
"1044","11/2/2019",-9,-1
"1046","11/2/2019",2,-1
"1047","11/2/2019",0,-1
"1048","11/9/2019",-3,3
"1050","11/9/2019",2,1
"1051","11/9/2019",4,4
"1052","11/9/2019",1,3
"1055","11/9/2019",2,0
"1056","11/9/2019",0,1
"1058","11/9/2019",-1,0
"1061","11/16/2019",-2,-2
"1062","11/16/2019",0,13
"1064","11/16/2019",0,-2
"1065","11/16/2019",1,-1
"1066","11/16/2019",1,0
"1067","11/16/2019",3,1
"1068","11/16/2019",0,-2
"1069","11/16/2019",-1,-3
"1072","12/21/2019",-2,-1
"1073","12/21/2019",1,0
"1074","12/21/2019",-3,0
"1075","12/21/2019",-1,1
"1077","12/21/2019",0,2
"1078","12/21/2019",0,2
"1080","12/21/2019",-1,0
"1081","12/21/2019",1,0
"1082","12/21/2019",1,1
"1084","12/21/2019",-2,0
"1085","12/14/2019",-1,-1
"1086","12/14/2019",-6,-2
"1087","12/14/2019",4,2
"1088","12/14/2019",-2,0
"1089","12/14/2019",1,-6
"1090","12/14/2019",-2,1
"1092","12/14/2019",2,0
"1093","12/14/2019",6,0
"1095","12/14/2019",0,2
"1097","12/14/2019",-1,0
"1098","12/7/2019",-4,0
"1099","12/7/2019",-2,-4
"1100","12/7/2019",2,0
"1101","12/7/2019",4,-1
"1104","12/7/2019",0,-1
"1105","12/7/2019",-2,-3
"1108","6/8/2019",0,-1
"1109","6/8/2019",-1,2
"1110","6/8/2019",-6,0
"1111","6/8/2019",1,0
"1112","6/8/2019",-2,0
"1113","6/8/2019",1,1
"1114","6/8/2019",-2,0
"1116","6/8/2019",-2,-3
"1118","6/8/2019",2,0
"1119","6/8/2019",4,0
"1120","6/8/2019",-1,-1
"1121","6/1/2019",0,-1
"1122","6/1/2019",-4,0
"1123","6/1/2019",1,0
"1124","6/1/2019",-2,1
"1128","6/1/2019",-1,2
"1131","6/1/2019",-1,0
"1133","5/18/2019",2,-1
"1134","5/18/2019",0,-4
"1135","5/18/2019",-1,0
"1136","5/18/2019",5,3
"1137","5/18/2019",-3,11
"1138","5/18/2019",0,3
"1139","5/18/2019",2,0
"1140","5/18/2019",1,0
"1141","5/18/2019",-2,-1
"1143","5/18/2019",1,4
"1144","5/18/2019",-1,3
"1145","5/18/2019",0,1
"1146","5/11/2019",1,-1
"1147","5/11/2019",-8,-3
"1148","5/11/2019",-1,0
"1149","5/11/2019",-8,-1
"1150","5/11/2019",-1,0
"1151","5/11/2019",-4,0
"1154","5/11/2019",-5,0
"1156","5/11/2019",1,1
"1158","5/4/2019",6,6
"1159","5/4/2019",4,1
"1160","5/4/2019",-3,1
"1162","5/4/2019",4,0
"1164","5/4/2019",1,0
"1166","5/4/2019",2,0
"1168","5/4/2019",-1,0
"1169","5/4/2019",0,-3
"1170","4/27/2019",-1,-2
"1172","4/27/2019",0,-3
"1173","4/27/2019",3,4
"1174","4/27/2019",-4,0
"1175","4/27/2019",0,1
"1176","4/27/2019",-3,-3
"1177","4/27/2019",-8,-2
"1178","4/27/2019",0,1
"1179","4/27/2019",2,3
"1180","4/27/2019",3,6
"1182","4/27/2019",1,-2
"1183","4/20/2019",5,-5
"1184","4/20/2019",1,2
"1185","4/20/2019",0,-1
"1186","4/20/2019",1,0
"1187","4/20/2019",1,0
"1189","4/20/2019",0,-2
"1190","4/20/2019",1,0
"1191","4/20/2019",-1,0
"1192","4/20/2019",1,-2
"1193","4/20/2019",2,0
"1194","4/13/2019",-1,1
"1195","4/13/2019",-1,-2
"1196","4/13/2019",1,0
"1197","4/13/2019",-3,0
"1198","4/13/2019",-2,-1
"1199","4/13/2019",-1,0
"1201","4/13/2019",1,0
"1204","4/13/2019",-1,1
"1205","4/13/2019",1,0
"1207","3/30/2019",-5,0
"1208","3/30/2019",2,1
"1209","3/30/2019",-3,0
"1210","3/30/2019",0,2
"1211","3/30/2019",0,2
"1212","3/30/2019",1,0
"1214","3/30/2019",-5,0
"1216","3/30/2019",-1,-2
"1217","3/30/2019",0,-2
"1218","3/30/2019",0,1
"1219","3/30/2019",1,0
"1220","3/23/2019",-3,4
"1221","3/23/2019",2,0
"1222","3/23/2019",3,0
"1223","3/23/2019",-2,3
"1224","3/23/2019",0,1
"1225","3/23/2019",1,0
"1226","3/23/2019",0,-1
"1227","3/23/2019",2,3
"1228","3/23/2019",0,-1
"1232","3/16/2019",1,1
"1233","3/16/2019",2,-6
"1234","3/16/2019",-1,1
"1235","3/16/2019",0,1
"1236","3/16/2019",-2,0
"1237","3/16/2019",1,0
"1238","3/16/2019",0,1
"1239","3/16/2019",1,-2
"1241","3/16/2019",1,-1
"1244","3/9/2019",-1,0
"1245","3/9/2019",2,0
"1246","3/9/2019",-3,1
"1247","3/9/2019",-3,-2
"1248","3/9/2019",-1,2
"1249","3/9/2019",-5,0
"1251","3/9/2019",-2,-2
"1253","3/9/2019",0,1
"1254","3/9/2019",-2,-2
"1255","3/9/2019",-1,1
"1256","3/9/2019",2,0
"1257","3/2/2019",0,4
"1258","3/2/2019",-4,0
"1259","3/2/2019",-6,0
"1261","3/2/2019",-2,3
"1262","3/2/2019",-8,3
"1263","3/2/2019",1,-4
"1264","3/2/2019",-3,0
"1265","3/2/2019",5,-4
"1266","3/2/2019",0,-1
"1267","3/2/2019",0,1
"1268","3/2/2019",0,-1
"1269","2/23/2019",9,-2
"1270","2/23/2019",2,4
"1271","2/23/2019",-4,0
"1272","2/23/2019",1,0
"1273","2/23/2019",-3,0
"1274","2/23/2019",1,0
"1277","2/23/2019",0,2
"1278","2/23/2019",-2,0
"1279","2/23/2019",0,-3
"1280","2/23/2019",1,1
"1282","2/17/2019",-4,1
"1283","2/17/2019",2,-2
"1284","2/17/2019",-1,2
"1285","2/17/2019",-1,-2
"1286","2/17/2019",1,2
"1287","2/17/2019",-1,-1
"1288","2/17/2019",0,3
"1289","2/17/2019",0,2
"1290","2/17/2019",-1,0
"1291","2/17/2019",2,1
"1292","2/17/2019",-2,-2
"1293","2/17/2019",0,-1
"1294","2/9/2019",-9,-3
"1295","2/9/2019",1,0
"1296","2/9/2019",1,-6
"1297","2/9/2019",0,2
"1298","2/9/2019",-5,0
"1300","2/9/2019",1,0
"1302","2/9/2019",-2,2
"1305","2/2/2019",0,-1
"1306","2/2/2019",3,-2
"1307","2/2/2019",-1,9
"1308","2/2/2019",-2,12
"1309","2/2/2019",1,-1
"1310","2/2/2019",0,1
"1311","2/2/2019",0,1
"1312","2/2/2019",0,1
"1313","2/2/2019",7,1
"1314","2/2/2019",-1,0
"1316","2/2/2019",-1,0
"1318","1/19/2019",-6,-1
"1320","1/19/2019",0,-1
"1321","1/19/2019",0,1
"1322","1/19/2019",2,0
"1323","1/19/2019",5,2
"1324","1/19/2019",8,6
"1325","1/19/2019",1,1
"1327","1/19/2019",2,0
"1328","1/19/2019",1,2
"1329","1/19/2019",0,1
"1331","12/29/2018",-1,3
"1332","12/29/2018",1,2
"1333","12/29/2018",-5,5
"1334","12/29/2018",-1,-2
"1335","12/29/2018",-4,0
"1336","12/29/2018",-2,0
"1338","12/29/2018",-7,-4
"1339","12/29/2018",0,1
"1340","12/29/2018",5,0
"1341","12/29/2018",-2,-1
"1342","12/29/2018",-1,-1
"1343","12/15/2018",2,-4
"1344","12/15/2018",1,-2
"1345","12/15/2018",4,1
"1346","12/15/2018",-3,4
"1347","12/15/2018",1,0
"1348","12/15/2018",-1,-1
"1350","12/15/2018",2,-3
"1351","12/15/2018",1,3
"1352","12/15/2018",1,0
"1353","12/15/2018",-1,0
"1354","12/15/2018",-1,0
"1355","12/8/2018",5,-1
"1356","12/8/2018",-2,2
"1357","12/8/2018",-4,3
"1359","12/8/2018",4,0
"1361","12/8/2018",1,-1
"1362","12/8/2018",1,0
"1364","12/8/2018",-1,0
"1365","12/8/2018",-3,0
"1366","12/8/2018",2,1
"1368","12/1/2018",6,0
"1369","12/1/2018",6,-2
"1370","12/1/2018",-6,0
"1371","12/1/2018",0,-2
"1373","12/1/2018",0,-2
"1374","12/1/2018",-5,0
"1375","12/1/2018",-1,0
"1376","12/1/2018",0,2
"1378","12/1/2018",0,1
"1380","11/30/2018",-3,-2
"1383","11/30/2018",1,-1
"1384","11/30/2018",-2,0
"1387","11/30/2018",2,0
"1391","11/30/2018",4,1
"1392","11/30/2018",1,0
"1393","11/24/2018",2,1
"1394","11/24/2018",5,0
"1395","11/24/2018",1,1
"1396","11/24/2018",4,0
"1397","11/24/2018",-2,1
"1404","11/24/2018",2,1
"1405","11/17/2018",-1,-1
"1406","11/17/2018",0,2
"1407","11/17/2018",-3,0
"1408","11/17/2018",0,-3
"1409","11/17/2018",2,2
"1410","11/17/2018",-1,2
"1411","11/17/2018",0,2
"1412","11/17/2018",0,-3
"1413","11/17/2018",-1,0
"1415","11/17/2018",-1,0
"1417","11/10/2018",0,-2
"1418","11/10/2018",5,5
"1419","11/10/2018",2,-2
"1420","11/10/2018",1,3
"1422","11/10/2018",0,-1
"1423","11/10/2018",-1,0
"1424","11/10/2018",-1,-4
"1425","11/10/2018",0,2
"1427","11/10/2018",0,-1
"1428","11/10/2018",0,1
"1429","11/3/2018",-7,3
"1430","11/3/2018",-1,1
"1431","11/3/2018",1,0
"1432","11/3/2018",-1,1
"1433","11/3/2018",-5,-1
"1434","11/3/2018",-1,0
"1435","11/3/2018",-1,0
"1436","11/3/2018",0,-1
"1437","11/3/2018",-2,-3
"1438","11/3/2018",1,0
"1439","11/3/2018",3,0
"1440","10/27/2018",3,0
"1441","10/27/2018",4,0
"1442","10/27/2018",-1,3
"1443","10/27/2018",1,0
"1444","10/27/2018",1,-4
"1445","10/27/2018",-2,1
"1446","10/27/2018",-1,1
"1447","10/27/2018",-1,0
"1448","10/27/2018",1,0
"1449","10/27/2018",0,-1
"1451","10/27/2018",0,-1
"1452","10/27/2018",2,0
"1453","10/6/2018",-5,2
"1454","10/6/2018",1,2
"1455","10/6/2018",-4,-3
"1456","10/6/2018",7,0
"1458","10/6/2018",0,3
"1459","10/6/2018",3,3
"1460","10/6/2018",1,0
"1461","10/6/2018",-1,1
"1463","10/6/2018",1,2
"1464","10/6/2018",0,2
"1465","9/22/2018",6,0
"1466","9/22/2018",3,3
"1467","9/22/2018",-2,-1
"1468","9/22/2018",-2,-3
"1469","9/22/2018",0,9
"1470","9/22/2018",1,1
"1471","9/22/2018",0,-2
"1472","9/22/2018",-1,0
"1473","9/22/2018",-2,-1
"1474","9/22/2018",0,-2
"1475","9/22/2018",0,5
"1476","9/22/2018",2,0
"1477","9/22/2018",0,-1
"1478","9/15/2018",-6,4
"1479","9/15/2018",-2,-2
"1480","9/15/2018",-8,-2
"1481","9/15/2018",-8,-1
"1482","9/15/2018",-2,-2
"1483","9/15/2018",1,0
"1484","9/15/2018",1,0
"1485","9/15/2018",5,0
"1490","9/8/2018",3,0
"1491","9/8/2018",1,2
"1492","9/8/2018",0,2
"1493","9/8/2018",-4,0
"1494","9/8/2018",1,-2
"1495","9/8/2018",0,1
"1496","9/8/2018",1,2
"1497","9/8/2018",0,1
"1498","9/8/2018",1,-1
"1499","9/8/2018",5,0
"1500","9/8/2018",1,6
"1502","9/8/2018",0,-1
"1503","8/25/2018",-1,-3
"1504","8/25/2018",2,0
"1505","8/25/2018",1,1
"1506","8/25/2018",-4,0
"1507","8/25/2018",-1,-3
"1508","8/25/2018",1,0
"1509","8/25/2018",0,-1
"1510","8/25/2018",-2,-2
"1511","8/25/2018",0,-1
"1512","8/25/2018",-1,3
"1513","8/25/2018",1,0
"1514","8/25/2018",1,-1
"1515","8/25/2018",0,4
"1516","8/4/2018",2,1
"1517","8/4/2018",-1,-5
"1518","8/4/2018",-4,1
"1519","8/4/2018",0,-1
"1520","8/4/2018",8,0
"1521","8/4/2018",1,2
"1522","8/4/2018",1,0
"1523","8/4/2018",1,-2
"1525","8/4/2018",-1,1
"1527","8/4/2018",1,2
"1528","7/28/2018",5,3
"1529","7/28/2018",-6,0
"1530","7/28/2018",2,-1
"1531","7/28/2018",0,-4
"1532","7/28/2018",2,-1
"1534","7/28/2018",0,1
"1535","7/28/2018",1,-2
"1536","7/28/2018",-2,0
"1537","7/28/2018",0,-1
"1538","7/28/2018",3,-1
"1539","7/28/2018",0,1
"1540","7/28/2018",-1,0
"1541","7/22/2018",-3,0
"1542","7/22/2018",-3,-3
"1543","7/22/2018",-3,0
"1544","7/22/2018",-3,-5
"1545","7/22/2018",2,1
"1546","7/22/2018",-2,0
"1547","7/22/2018",1,0
"1550","7/22/2018",0,-1
"1551","7/22/2018",0,1
"1552","7/22/2018",-1,0
"1553","7/22/2018",0,-2
"1554","7/14/2018",8,0
"1555","7/14/2018",0,1
"1556","7/14/2018",-1,-2
"1557","7/14/2018",0,1
"1558","7/14/2018",2,-1
"1559","7/14/2018",0,-2
"1560","7/14/2018",-1,0
"1561","7/14/2018",-1,-1
"1562","7/14/2018",-1,0
"1564","7/14/2018",1,0
"1567","7/7/2018",-6,3
"1568","7/7/2018",4,-1
"1569","7/7/2018",0,-1
"1570","7/7/2018",2,-2
"1571","7/7/2018",1,0
"1572","7/7/2018",-2,0
"1573","7/7/2018",-2,0
"1574","7/7/2018",-1,0
"1576","7/7/2018",2,-1
"1578","7/6/2018",-1,0
"1581","7/6/2018",0,2
"1583","7/6/2018",1,-1
"1589","7/6/2018",0,2
"1590","6/23/2018",-7,-4
"1591","6/23/2018",4,1
"1592","6/23/2018",1,0
"1593","6/23/2018",4,0
"1594","6/23/2018",-2,0
"1595","6/23/2018",-1,-1
"1597","6/23/2018",1,0
"1598","6/23/2018",0,3
"1601","6/23/2018",0,3
"1603","6/9/2018",-2,0
"1604","6/9/2018",-2,-1
"1605","6/9/2018",2,0
"1606","6/9/2018",-7,-2
"1608","6/9/2018",-3,0
"1610","6/9/2018",-1,-2
"1612","6/9/2018",-3,0
"1613","6/9/2018",-3,-1
"1614","6/9/2018",-2,5
"1617","6/1/2018",1,1
"1618","6/1/2018",2,0
"1619","6/1/2018",-4,2
"1621","6/1/2018",1,1
"1622","6/1/2018",-1,0
"1623","6/1/2018",0,-2
"1624","6/1/2018",1,0
"1625","6/1/2018",-1,-4
"1626","6/1/2018",-2,0
"1628","5/27/2018",-3,0
"1629","5/27/2018",4,1
"1630","5/27/2018",0,1
"1632","5/27/2018",-2,0
"1633","5/27/2018",0,-2
"1634","5/27/2018",1,-1
"1636","5/27/2018",0,-2
"1637","5/27/2018",0,1
"1638","5/27/2018",2,0
"1639","5/19/2018",0,-8
"1640","5/19/2018",0,1
"1641","5/19/2018",-2,1
"1642","5/19/2018",-1,0
"1644","5/19/2018",-1,3
"1645","5/19/2018",-1,-1
"1646","5/19/2018",0,-1
"1648","5/19/2018",-1,2
"1650","5/19/2018",0,-1
"1651","5/19/2018",-1,0
"1652","5/12/2018",4,0
"1653","5/12/2018",0,-2
"1654","5/12/2018",-1,0
"1655","5/12/2018",4,0
"1656","5/12/2018",-6,-1
"1657","5/12/2018",0,1
"1658","5/12/2018",0,3
"1659","5/12/2018",0,1
"1660","5/12/2018",0,-1
"1661","5/12/2018",0,3
"1662","5/12/2018",0,-5
"1663","5/12/2018",-2,0
"1665","4/21/2018",-5,4
"1666","4/21/2018",1,2
"1668","4/21/2018",-8,0
"1669","4/21/2018",1,1
"1670","4/21/2018",0,-4
"1671","4/21/2018",-2,-1
"1673","4/21/2018",2,0
"1676","4/14/2018",5,3
"1677","4/14/2018",-2,2
"1678","4/14/2018",1,-1
"1679","4/14/2018",-1,1
"1680","4/14/2018",-7,3
"1682","4/14/2018",2,1
"1684","4/14/2018",1,3
"1685","4/14/2018",-1,0
"1686","4/14/2018",5,0
"1688","4/14/2018",1,0
"1690","4/7/2018",-2,2
"1691","4/7/2018",-1,3
"1692","4/7/2018",-1,1
"1693","4/7/2018",0,2
"1694","4/7/2018",-5,-7
"1695","4/7/2018",0,-2
"1696","4/7/2018",-2,3
"1697","4/7/2018",1,-1
"1699","3/17/2018",-3,-3
"1700","3/17/2018",-4,1
"1701","3/17/2018",1,0
"1704","3/17/2018",1,1
"1706","3/17/2018",0,1
"1707","3/17/2018",-1,0
"1709","3/3/2018",3,0
"1710","3/3/2018",-3,1
"1711","3/3/2018",-1,0
"1712","3/3/2018",4,-3
"1713","3/3/2018",-2,1
"1715","3/3/2018",-1,-3
"1716","3/3/2018",4,-3
"1717","3/3/2018",0,2
"1718","3/3/2018",-5,-2
"1719","3/3/2018",0,-4
"1720","3/3/2018",-1,0
"1721","2/24/2018",6,0
"1722","2/24/2018",1,1
"1723","2/24/2018",-2,-2
"1724","2/24/2018",-3,0
"1725","2/24/2018",-1,-2
"1726","2/24/2018",1,-1
"1727","2/24/2018",0,-1
"1728","2/24/2018",1,-3
"1729","2/24/2018",4,1
"1730","2/24/2018",-1,3
"1731","2/24/2018",0,1
"1733","2/18/2018",6,2
"1734","2/18/2018",6,0
"1735","2/18/2018",-1,1
"1736","2/18/2018",-8,-1
"1738","2/18/2018",0,1
"1739","2/18/2018",0,1
"1742","2/18/2018",0,-1
"1743","2/18/2018",-1,-1
"1745","2/10/2018",3,-3
"1746","2/10/2018",-5,0
"1747","2/10/2018",0,-1
"1748","2/10/2018",-3,3
"1749","2/10/2018",1,1
"1752","2/10/2018",1,0
"1753","2/10/2018",-1,0
"1754","2/10/2018",5,0
"1755","2/10/2018",-2,1
"1757","2/3/2018",5,1
"1758","2/3/2018",0,1
"1759","2/3/2018",0,2
"1760","2/3/2018",1,-1
"1761","2/3/2018",0,-2
"1762","2/3/2018",4,0
"1763","2/3/2018",-3,1
"1766","2/3/2018",2,0
"1767","2/3/2018",0,-1
"1768","1/27/2018",-4,3
"1769","1/27/2018",1,-2
"1770","1/27/2018",1,0
"1771","1/27/2018",2,1
"1772","1/27/2018",-1,0
"1773","1/27/2018",0,-2
"1774","1/27/2018",0,-1
"1778","1/27/2018",0,1
"1780","1/20/2018",3,-1
"1781","1/20/2018",-1,3
"1782","1/20/2018",-1,0
"1783","1/20/2018",4,0
"1784","1/20/2018",-1,1
"1786","1/20/2018",2,0
"1787","1/20/2018",3,-1
"1790","1/20/2018",-1,-3
"1791","1/14/2018",3,0
"1792","1/14/2018",-2,-1
"1793","1/14/2018",1,1
"1794","1/14/2018",-1,0
"1795","1/14/2018",-1,2
"1796","1/14/2018",2,0
"1798","1/14/2018",0,1
"1799","1/14/2018",1,0
"1802","12/30/2017",1,0
"1803","12/30/2017",-4,2
"1804","12/30/2017",1,1
"1805","12/30/2017",0,-1
"1806","12/30/2017",-1,1
"1807","12/30/2017",3,1
"1808","12/30/2017",-2,0
"1810","12/16/2017",-2,3
"1811","12/16/2017",-3,-3
"1813","12/16/2017",3,0
"1814","12/16/2017",-1,1
"1816","12/16/2017",1,0
"1817","12/16/2017",0,-1
"1818","12/16/2017",0,-1
"1819","12/16/2017",-1,0
"1820","12/16/2017",0,-5
"1821","12/9/2017",-2,2
"1822","12/9/2017",-1,1
"1823","12/9/2017",-1,-2
"1824","12/9/2017",0,1
"1825","12/9/2017",1,0
"1827","12/9/2017",-1,1
"1828","12/9/2017",0,-1
"1831","12/9/2017",0,-2
"1833","12/9/2017",1,-1
"1834","12/2/2017",5,2
"1835","12/2/2017",-1,1
"1836","12/2/2017",1,0
"1838","12/2/2017",0,-1
"1839","12/2/2017",3,-8
"1840","12/2/2017",-2,1
"1841","12/2/2017",2,0
"1842","12/2/2017",-1,1
"1844","12/2/2017",1,0
"1845","12/2/2017",-1,0
"1849","12/1/2017",1,0
"1851","12/1/2017",0,-2
"1857","11/25/2017",-8,2
"1858","11/25/2017",3,0
"1859","11/25/2017",-1,-2
"1860","11/25/2017",2,0
"1861","11/25/2017",0,1
"1863","11/25/2017",0,-1
"1865","11/25/2017",-1,0
"1868","11/25/2017",1,0
"1869","11/18/2017",2,3
"1870","11/18/2017",0,-1
"1871","11/18/2017",-3,-1
"1872","11/18/2017",0,3
"1873","11/18/2017",1,-1
"1874","11/18/2017",1,0
"1875","11/18/2017",1,0
"1876","11/18/2017",2,1
"1878","11/18/2017",-1,0
"1879","11/18/2017",0,-1
"1881","11/18/2017",-2,0
"1882","11/11/2017",3,0
"1883","11/11/2017",4,2
"1884","11/11/2017",8,2
"1885","11/11/2017",-6,-1
"1886","11/11/2017",0,1
"1887","11/11/2017",-4,-3
"1888","11/11/2017",-5,0
"1889","11/11/2017",0,1
"1890","11/11/2017",1,1
"1891","11/11/2017",0,1
"1892","11/11/2017",1,-1
"1895","11/4/2017",-5,2
"1896","11/4/2017",1,1
"1897","11/4/2017",-2,3
"1898","11/4/2017",2,-1
"1899","11/4/2017",-3,0
"1900","11/4/2017",0,1
"1901","11/4/2017",-3,0
"1902","11/4/2017",2,3
"1903","11/4/2017",1,-2
"1904","11/4/2017",0,-3
"1906","10/28/2017",-1,0
"1907","10/28/2017",1,-7
"1908","10/28/2017",-2,1
"1909","10/28/2017",0,-4
"1910","10/28/2017",4,0
"1911","10/28/2017",4,-1
"1912","10/28/2017",1,1
"1913","10/28/2017",-1,2
"1914","10/28/2017",1,0
"1918","10/21/2017",-7,-5
"1920","10/21/2017",1,0
"1921","10/21/2017",-1,0
"1923","10/21/2017",0,-1
"1924","10/21/2017",-4,-1
"1925","10/21/2017",2,0
"1926","10/21/2017",0,3
"1928","10/21/2017",-1,-2
"1929","10/7/2017",2,1
"1930","10/7/2017",2,2
"1931","10/7/2017",1,2
"1933","10/7/2017",-1,0
"1935","10/7/2017",0,-1
"1936","10/7/2017",1,3
"1937","10/7/2017",-1,-5
"1938","9/22/2017",-1,2
"1939","9/22/2017",1,1
"1940","9/22/2017",-2,0
"1941","9/22/2017",-1,-1
"1942","9/22/2017",2,0
"1943","9/22/2017",0,-2
"1944","9/22/2017",0,2
"1946","9/22/2017",1,0
"1947","9/22/2017",-3,0
"1948","9/16/2017",2,3
"1949","9/16/2017",3,0
"1951","9/16/2017",1,-1
"1952","9/16/2017",-1,-1
"1953","9/16/2017",0,1
"1954","9/16/2017",0,2
"1955","9/16/2017",-2,0
"1956","9/16/2017",3,0
"1957","9/16/2017",-2,3
"1958","9/9/2017",4,1
"1959","9/9/2017",0,1
"1960","9/9/2017",0,-2
"1961","9/9/2017",2,0
"1962","9/9/2017",6,0
"1963","9/9/2017",-1,-2
"1964","9/9/2017",-1,0
"1966","9/9/2017",1,-1
"1967","9/9/2017",0,-2
"1968","9/9/2017",-2,-1
"1969","9/2/2017",-5,-5
"1970","9/2/2017",1,1
"1971","9/2/2017",1,1
"1972","9/2/2017",-1,0
"1974","9/2/2017",3,0
"1975","9/2/2017",0,1
"1976","9/2/2017",2,0
"1981","8/5/2017",0,-2
"1983","8/5/2017",-3,1
"1984","8/5/2017",-1,0
"1985","8/5/2017",-2,1
"1986","8/5/2017",2,0
"1987","8/5/2017",1,-2
"1988","8/5/2017",1,0
"1989","8/5/2017",0,2
"1990","8/5/2017",-1,1
"1992","8/5/2017",-1,0
"1993","7/29/2017",4,-9
"1994","7/29/2017",2,0
"1995","7/29/2017",-2,-5
"1996","7/29/2017",-4,0
"1997","7/29/2017",1,2
"1998","7/29/2017",-1,-1
"1999","7/29/2017",2,0
"2000","7/29/2017",-2,0
"2004","7/22/2017",2,0
"2005","7/22/2017",2,-2
"2006","7/22/2017",-2,0
"2007","7/22/2017",-3,0
"2009","7/22/2017",-1,-1
"2010","7/22/2017",2,2
"2011","7/22/2017",1,0
"2013","7/22/2017",1,0
"2014","7/22/2017",-1,0
"2015","7/22/2017",0,-3
"2016","7/22/2017",-1,2
"2017","7/16/2017",3,-6
"2018","7/16/2017",-1,2
"2019","7/16/2017",0,1
"2020","7/16/2017",1,0
"2021","7/16/2017",1,-1
"2023","7/16/2017",0,1
"2024","7/16/2017",0,-1
"2028","7/16/2017",1,0
"2029","7/8/2017",-1,0
"2030","7/8/2017",1,-2
"2031","7/8/2017",-1,0
"2032","7/8/2017",-1,-3
"2033","7/8/2017",2,0
"2034","7/8/2017",-6,1
"2035","7/8/2017",1,0
"2036","7/8/2017",5,-2
"2037","7/8/2017",-1,0
"2040","7/7/2017",-4,0
"2042","7/7/2017",1,0
"2043","7/7/2017",-1,0
"2044","7/7/2017",-1,0
"2046","7/7/2017",1,2
"2047","7/7/2017",-1,-2
"2049","7/7/2017",-1,0
"2050","6/25/2017",1,-2
"2051","6/25/2017",1,0
"2052","6/25/2017",0,2
"2053","6/25/2017",2,1
"2054","6/25/2017",-4,-2
"2055","6/25/2017",-1,3
"2056","6/25/2017",-3,1
"2059","6/25/2017",-1,1
"2062","6/17/2017",-7,-2
"2063","6/17/2017",-2,1
"2064","6/17/2017",4,2
"2065","6/17/2017",-1,1
"2066","6/17/2017",1,0
"2067","6/17/2017",0,2
"2068","6/17/2017",-1,2
"2069","6/17/2017",0,1
"2072","6/10/2017",-2,0
"2073","6/10/2017",3,0
"2074","6/10/2017",-3,1
"2075","6/10/2017",-1,-1
"2076","6/10/2017",1,1
"2077","6/10/2017",1,0
"2078","6/10/2017",-1,0
"2079","6/10/2017",-1,0
"2080","6/10/2017",1,3
"2081","6/10/2017",0,-1
"2083","6/3/2017",4,2
"2085","6/3/2017",6,-1
"2087","6/3/2017",-2,-2
"2088","6/3/2017",1,1
"2089","6/3/2017",-2,0
"2090","6/3/2017",-2,-2
"2093","5/28/2017",0,-1
"2094","5/28/2017",-1,-3
"2095","5/28/2017",-2,-2
"2096","5/28/2017",1,0
"2097","5/28/2017",1,0
"2098","5/28/2017",-1,0
"2099","5/28/2017",1,0
"2100","5/28/2017",-2,-1
"2101","5/28/2017",0,-2
"2102","5/28/2017",0,-1
"2103","5/28/2017",1,0
"2105","5/13/2017",-1,0
"2106","5/13/2017",1,-2
"2107","5/13/2017",-2,8
"2108","5/13/2017",2,2
"2109","5/13/2017",-1,0
"2110","5/13/2017",-1,-3
"2112","5/13/2017",-2,3
"2113","5/13/2017",1,1
"2114","5/13/2017",0,-2
"2115","5/13/2017",-1,1
"2116","4/22/2017",4,0
"2117","4/22/2017",-2,0
"2118","4/22/2017",1,0
"2119","4/22/2017",1,0
"2120","4/22/2017",-3,-7
"2121","4/22/2017",-4,-1
"2122","4/22/2017",-2,4
"2123","4/22/2017",-2,1
"2124","4/22/2017",0,1
"2126","4/22/2017",0,1
"2127","4/22/2017",-1,0
"2129","4/15/2017",2,1
"2131","4/15/2017",2,-4
"2132","4/15/2017",-6,1
"2133","4/15/2017",-8,0
"2134","4/15/2017",0,-1
"2135","4/15/2017",0,-1
"2136","4/15/2017",-2,-1
"2137","4/15/2017",1,2
"2138","4/15/2017",-1,0
"2139","4/15/2017",1,0
"2140","4/15/2017",1,2
"2141","4/15/2017",-1,0
"2142","4/8/2017",-10,2
"2143","4/8/2017",0,-1
"2144","4/8/2017",0,1
"2145","4/8/2017",4,1
"2146","4/8/2017",0,8
"2147","4/8/2017",1,1
"2148","4/8/2017",-1,0
"2149","4/8/2017",0,-1
"2150","4/8/2017",1,0
"2155","3/18/2017",2,0
"2156","3/18/2017",-3,5
"2157","3/18/2017",-1,0
"2158","3/18/2017",-1,0
"2161","3/18/2017",-1,0
"2162","3/18/2017",-1,-1
"2163","3/18/2017",1,-1
"2164","3/18/2017",-2,2
"2166","3/11/2017",2,0
"2167","3/11/2017",4,-3
"2168","3/11/2017",0,1
"2169","3/11/2017",-2,0
"2170","3/11/2017",-2,0
"2171","3/11/2017",1,2
"2172","3/11/2017",0,-1
"2173","3/11/2017",-1,-1
"2174","3/11/2017",-2,-1
"2175","3/11/2017",-1,0
"2177","3/4/2017",1,0
"2178","3/4/2017",-5,1
"2180","3/4/2017",-2,0
"2181","3/4/2017",1,-2
"2182","3/4/2017",1,-1
"2183","3/4/2017",2,0
"2187","2/19/2017",0,-1
"2188","2/19/2017",3,0
"2189","2/19/2017",-3,0
"2190","2/19/2017",2,-2
"2191","2/19/2017",1,1
"2192","2/19/2017",1,1
"2193","2/19/2017",2,0
"2194","2/19/2017",0,-1
"2196","2/19/2017",3,0
"2197","2/19/2017",0,1
"2198","2/11/2017",1,0
"2199","2/11/2017",7,2
"2200","2/11/2017",-4,3
"2201","2/11/2017",3,3
"2202","2/11/2017",2,-3
"2203","2/11/2017",0,-1
"2205","2/11/2017",-2,0
"2207","2/11/2017",-1,-1
"2209","2/4/2017",0,2
"2210","2/4/2017",-3,1
"2211","2/4/2017",-4,-1
"2212","2/4/2017",-2,0
"2213","2/4/2017",1,2
"2214","2/4/2017",1,3
"2216","2/4/2017",0,-1
"2218","1/28/2017",-2,0
"2219","1/28/2017",-6,-4
"2220","1/28/2017",-6,-1
"2221","1/28/2017",0,-2
"2222","1/28/2017",-2,-2
"2223","1/28/2017",0,-1
"2224","1/28/2017",2,0
"2225","1/28/2017",-1,-1
"2226","1/28/2017",0,1
"2227","1/28/2017",2,1
"2230","1/15/2017",-6,-4
"2231","1/15/2017",5,7
"2232","1/15/2017",2,1
"2233","1/15/2017",-1,-3
"2236","1/15/2017",1,1
"2237","1/15/2017",-1,2
"2239","1/15/2017",1,0
"2242","12/30/2016",0,-1
"2243","12/30/2016",3,0
"2245","12/30/2016",4,1
"2246","12/30/2016",-2,1
"2247","12/30/2016",-1,1
"2248","12/30/2016",0,1
"2249","12/30/2016",-4,-2
"2250","12/30/2016",-2,0
"2251","12/17/2016",-2,0
"2252","12/17/2016",-1,1
"2253","12/17/2016",-1,5
"2254","12/17/2016",1,0
"2255","12/17/2016",-1,-1
"2256","12/17/2016",-1,-7
"2257","12/17/2016",1,1
"2258","12/17/2016",-1,-1
"2259","12/17/2016",0,-1
"2260","12/17/2016",1,0
"2261","12/17/2016",2,0
"2262","12/17/2016",-2,0
"2264","12/10/2016",3,-1
"2265","12/10/2016",-2,3
"2266","12/10/2016",1,0
"2267","12/10/2016",0,2
"2268","12/10/2016",-2,0
"2269","12/10/2016",-2,-1
"2270","12/10/2016",-1,2
"2272","12/10/2016",0,-3
"2273","12/10/2016",-3,0
"2275","12/10/2016",2,0
"2276","12/9/2016",6,0
"2277","12/9/2016",1,0
"2278","12/9/2016",-1,0
"2279","12/9/2016",3,0
"2281","12/9/2016",0,1
"2288","12/3/2016",2,3
"2289","12/3/2016",3,1
"2290","12/3/2016",-5,0
"2291","12/3/2016",1,0
"2292","12/3/2016",1,-1
"2293","12/3/2016",-1,1
"2294","12/3/2016",-1,0
"2295","12/3/2016",2,0
"2297","12/3/2016",0,-1
"2300","11/26/2016",-1,-1
"2301","11/26/2016",-1,-3
"2302","11/26/2016",-1,-2
"2306","11/26/2016",-1,0
"2307","11/26/2016",0,-1
"2309","11/26/2016",0,1
"2310","11/26/2016",-2,-1
"2311","11/26/2016",-1,1
"2313","11/19/2016",1,1
"2314","11/19/2016",3,0
"2315","11/19/2016",-1,-1
"2316","11/19/2016",-1,-5
"2317","11/19/2016",0,-2
"2318","11/19/2016",1,2
"2319","11/19/2016",0,1
"2320","11/19/2016",-2,-1
"2321","11/19/2016",1,-3
"2322","11/19/2016",0,1
"2323","11/19/2016",0,1
"2324","11/19/2016",-1,1
"2325","11/19/2016",-3,0
"2326","11/19/2016",-1,0
"2327","11/19/2016",-2,0
"2328","11/19/2016",-1,-2
"2329","11/19/2016",1,0
"2330","11/19/2016",-1,1
"2333","11/19/2016",0,1
"2334","11/19/2016",0,1
"2337","11/12/2016",5,0
"2338","11/12/2016",2,0
"2339","11/12/2016",1,-2
"2340","11/12/2016",0,1
"2341","11/12/2016",-2,2
"2342","11/12/2016",-2,1
"2343","11/12/2016",4,-1
"2344","11/12/2016",0,2
"2345","11/12/2016",-5,5
"2346","11/12/2016",1,0
"2347","11/5/2016",-1,3
"2348","11/5/2016",5,0
"2349","11/5/2016",2,-6
"2351","11/5/2016",0,3
"2353","11/5/2016",1,-1
"2356","11/5/2016",0,-1
"2357","11/5/2016",3,1
"2358","11/5/2016",2,0
"2360","10/8/2016",6,0
"2361","10/8/2016",-10,-1
"2362","10/8/2016",-1,-1
"2363","10/8/2016",3,4
"2364","10/8/2016",1,-1
"2365","10/8/2016",1,-1
"2366","10/8/2016",0,1
"2367","10/8/2016",-2,0
"2369","10/8/2016",1,-1
"2370","10/8/2016",-1,1
"2371","10/1/2016",0,1
"2372","10/1/2016",1,1
"2373","10/1/2016",-1,-1
"2374","10/1/2016",-2,-1
"2375","10/1/2016",1,0
"2376","10/1/2016",2,0
"2377","10/1/2016",-1,0
"2378","10/1/2016",1,-2
"2379","10/1/2016",4,1
"2380","10/1/2016",-1,0
"2383","9/24/2016",1,0
"2384","9/24/2016",2,3
"2385","9/24/2016",4,0
"2386","9/24/2016",1,1
"2387","9/24/2016",-4,0
"2388","9/24/2016",0,2
"2389","9/24/2016",0,-3
"2390","9/24/2016",0,3
"2391","9/24/2016",-2,1
"2392","9/24/2016",2,4
"2393","9/24/2016",-1,0
"2394","9/24/2016",0,1
"2395","9/24/2016",0,-1
"2396","9/17/2016",-2,-3
"2397","9/17/2016",-1,1
"2398","9/17/2016",2,1
"2399","9/17/2016",0,-1
"2400","9/17/2016",0,-1
"2401","9/17/2016",0,2
"2402","9/17/2016",-3,1
"2403","9/17/2016",-1,0
"2404","9/17/2016",0,1
"2405","9/17/2016",0,1
"2407","9/10/2016",2,0
"2408","9/10/2016",-3,1
"2409","9/10/2016",0,1
"2410","9/10/2016",1,-6
"2411","9/10/2016",0,1
"2413","9/10/2016",-1,-1
"2414","9/10/2016",1,1
"2415","9/10/2016",0,1
"2416","9/10/2016",0,2
"2417","9/3/2016",-5,-1
"2418","9/3/2016",3,2
"2420","9/3/2016",-1,0
"2422","9/3/2016",0,1
"2424","9/3/2016",1,-2
"2425","9/3/2016",-2,0
"2426","9/3/2016",2,-1
"2427","8/27/2016",-4,8
"2428","8/27/2016",2,-6
"2429","8/27/2016",1,0
"2430","8/27/2016",-2,-1
"2431","8/27/2016",3,1
"2433","8/27/2016",-1,0
"2437","8/20/2016",4,-9
"2438","8/20/2016",6,-3
"2439","8/20/2016",4,3
"2440","8/20/2016",-3,0
"2441","8/20/2016",3,1
"2442","8/20/2016",2,0
"2443","8/20/2016",0,2
"2445","8/20/2016",1,0
"2446","8/20/2016",-2,-1
"2447","8/20/2016",1,2
"2449","8/6/2016",1,-2
"2450","8/6/2016",-1,1
"2451","8/6/2016",0,3
"2452","8/6/2016",2,-1
"2454","8/6/2016",0,1
"2455","8/6/2016",-1,2
"2457","8/6/2016",1,0
"2458","8/6/2016",1,0
"2459","8/6/2016",4,-1
"2461","7/30/2016",-2,0
"2462","7/30/2016",0,-2
"2463","7/30/2016",-4,-1
"2464","7/30/2016",-1,1
"2465","7/30/2016",-1,0
"2466","7/30/2016",-1,-1
"2467","7/30/2016",-4,1
"2468","7/30/2016",1,0
"2469","7/30/2016",0,1
"2471","7/23/2016",-1,0
"2472","7/23/2016",5,0
"2473","7/23/2016",2,0
"2475","7/23/2016",2,0
"2476","7/23/2016",1,-2
"2477","7/23/2016",-1,1
"2482","7/13/2016",2,-1
"2483","7/13/2016",3,4
"2484","7/13/2016",2,-1
"2485","7/13/2016",1,-1
"2486","7/13/2016",-3,-1
"2488","7/13/2016",-1,0
"2489","7/13/2016",3,0
"2491","7/13/2016",0,1
"2492","7/13/2016",0,2
"2494","7/9/2016",3,0
"2495","7/9/2016",-10,-1
"2496","7/9/2016",-2,-2
"2497","7/9/2016",2,-1
"2499","7/9/2016",-4,2
"2500","7/9/2016",4,0
"2501","7/9/2016",1,1
"2502","7/9/2016",-1,7
"2503","7/9/2016",-3,1
"2504","7/9/2016",0,6
"2505","7/8/2016",2,0
"2508","7/8/2016",-5,0
"2509","7/8/2016",1,-5
"2511","7/8/2016",1,0
"2512","7/8/2016",-1,-2
"2514","7/8/2016",0,1
"2515","7/8/2016",-1,-2
"2516","7/8/2016",1,0
"2517","7/7/2016",-4,-2
"2518","7/7/2016",-1,0
"2519","7/7/2016",3,0
"2520","7/7/2016",1,0
"2521","7/7/2016",-4,-2
"2522","7/7/2016",3,0
"2523","7/7/2016",1,0
"2524","7/7/2016",1,-1
"2525","7/7/2016",1,1
"2526","7/7/2016",0,2
"2528","7/7/2016",-1,1
"2529","6/18/2016",2,-1
"2530","6/18/2016",1,5
"2531","6/18/2016",-1,0
"2532","6/18/2016",0,2
"2534","6/18/2016",2,-1
"2535","6/18/2016",1,1
"2536","6/18/2016",-1,-2
"2537","6/18/2016",-1,0
"2538","6/18/2016",-1,0
"2540","6/18/2016",1,1
"2542","6/4/2016",7,-3
"2543","6/4/2016",1,-6
"2544","6/4/2016",3,0
"2545","6/4/2016",1,0
"2546","6/4/2016",3,2
"2547","6/4/2016",0,-3
"2548","6/4/2016",0,1
"2549","6/4/2016",0,1
"2550","6/4/2016",-1,-5
"2551","6/4/2016",-1,1
"2552","6/4/2016",-1,0
"2553","6/4/2016",1,0
"2554","5/29/2016",-1,0
"2555","5/29/2016",4,-3
"2556","5/29/2016",2,2
"2557","5/29/2016",-1,1
"2558","5/29/2016",1,-1
"2561","5/29/2016",3,1
"2563","5/29/2016",2,0
"2564","5/29/2016",-1,2
"2566","5/14/2016",1,-2
"2567","5/14/2016",-11,1
"2568","5/14/2016",-1,0
"2569","5/14/2016",5,0
"2570","5/14/2016",1,-2
"2571","5/14/2016",-8,5
"2572","5/14/2016",-2,-3
"2573","5/14/2016",2,0
"2574","5/14/2016",2,1
"2576","5/14/2016",-1,1
"2577","5/8/2016",-6,-2
"2578","5/8/2016",1,4
"2579","5/8/2016",-3,4
"2580","5/8/2016",1,0
"2581","5/8/2016",2,2
"2583","5/8/2016",2,-2
"2584","5/8/2016",-1,2
"2585","5/8/2016",-1,-1
"2586","5/8/2016",0,1
"2587","5/8/2016",2,-1
"2588","5/8/2016",1,0
"2589","5/8/2016",-1,1
"2590","4/23/2016",0,4
"2591","4/23/2016",1,3
"2592","4/23/2016",3,-2
"2593","4/23/2016",2,-1
"2594","4/23/2016",-2,0
"2596","4/23/2016",-1,1
"2597","4/23/2016",0,1
"2598","4/23/2016",0,1
"2601","4/23/2016",-1,0
"2602","4/16/2016",-3,3
"2603","4/16/2016",0,2
"2604","4/16/2016",1,1
"2605","4/16/2016",4,0
"2606","4/16/2016",0,1
"2607","4/16/2016",-1,2
"2608","4/16/2016",2,-2
"2610","4/16/2016",4,-3
"2611","4/16/2016",-1,1
"2612","4/16/2016",-2,0
"2613","4/10/2016",5,-2
"2614","4/10/2016",-2,-4
"2615","4/10/2016",1,0
"2616","4/10/2016",1,0
"2617","4/10/2016",-1,-1
"2618","4/10/2016",0,1
"2619","4/10/2016",1,1
"2620","4/10/2016",1,-1
"2621","4/10/2016",3,0
"2623","4/10/2016",1,1
"2626","3/19/2016",0,-8
"2627","3/19/2016",1,1
"2628","3/19/2016",0,1
"2630","3/19/2016",-3,0
"2631","3/19/2016",0,1
"2632","3/19/2016",2,0
"2633","3/19/2016",2,0
"2634","3/19/2016",1,0
"2635","3/19/2016",1,0
"2636","3/19/2016",5,0
"2637","3/19/2016",1,0
"2638","3/5/2016",-4,8
"2639","3/5/2016",-1,0
"2640","3/5/2016",0,1
"2641","3/5/2016",-1,-2
"2642","3/5/2016",3,1
"2643","3/5/2016",-1,0
"2644","3/5/2016",-2,-4
"2645","3/5/2016",2,0
"2646","3/5/2016",1,-2
"2647","3/5/2016",3,-6
"2650","2/27/2016",-2,-3
"2651","2/27/2016",-1,-3
"2652","2/27/2016",2,-1
"2653","2/27/2016",-2,1
"2654","2/27/2016",0,1
"2655","2/27/2016",0,-1
"2656","2/27/2016",1,0
"2658","2/27/2016",0,-2
"2659","2/27/2016",1,0
"2660","2/27/2016",2,0
"2663","2/21/2016",4,3
"2664","2/21/2016",1,0
"2665","2/21/2016",1,0
"2666","2/21/2016",1,1
"2667","2/21/2016",-1,0
"2668","2/21/2016",1,2
"2669","2/21/2016",-1,1
"2670","2/21/2016",-1,-1
"2673","2/21/2016",0,-1
"2675","2/21/2016",-1,0
"2676","2/6/2016",-1,0
"2677","2/6/2016",6,0
"2678","2/6/2016",3,1
"2679","2/6/2016",3,1
"2680","2/6/2016",1,0
"2681","2/6/2016",4,2
"2682","2/6/2016",0,1
"2683","2/6/2016",4,0
"2684","2/6/2016",1,-2
"2687","2/6/2016",1,0
"2688","1/30/2016",6,-1
"2689","1/30/2016",-1,0
"2690","1/30/2016",-1,0
"2691","1/30/2016",0,-1
"2692","1/30/2016",-5,-1
"2693","1/30/2016",1,-1
"2694","1/30/2016",0,1
"2695","1/30/2016",-2,1
"2696","1/30/2016",-1,0
"2697","1/30/2016",0,2
"2698","1/30/2016",-1,0
"2699","1/30/2016",0,1
"2700","1/17/2016",-4,-1
"2701","1/17/2016",-2,-2
"2702","1/17/2016",-2,1
"2703","1/17/2016",-3,2
"2704","1/17/2016",1,-3
"2705","1/17/2016",-2,4
"2706","1/17/2016",0,1
"2707","1/17/2016",-1,0
"2708","1/17/2016",-2,0
"2709","1/17/2016",0,1
"2710","1/17/2016",0,1
"2711","1/17/2016",1,0
"2713","1/2/2016",1,0
"2714","1/2/2016",-5,-2
"2715","1/2/2016",1,0
"2716","1/2/2016",-1,-2
"2717","1/2/2016",2,0
"2718","1/2/2016",2,1
"2719","1/2/2016",-3,-2
"2722","1/2/2016",3,2
"2725","12/19/2015",-2,-2
"2726","12/19/2015",-6,0
"2727","12/19/2015",-1,8
"2729","12/19/2015",-2,6
"2730","12/19/2015",2,1
"2732","12/19/2015",-1,0
"2733","12/19/2015",-1,1
"2734","12/19/2015",-1,1
"2737","12/12/2015",3,0
"2738","12/12/2015",-3,1
"2739","12/12/2015",4,-3
"2740","12/12/2015",1,3
"2741","12/12/2015",-1,2
"2742","12/12/2015",0,6
"2744","12/12/2015",-1,1
"2745","12/12/2015",0,1
"2746","12/12/2015",-1,-1
"2747","12/12/2015",-3,2
"2748","12/12/2015",0,2
"2749","12/11/2015",-2,2
"2751","12/11/2015",-2,3
"2752","12/11/2015",-2,-6
"2753","12/11/2015",0,1
"2755","12/11/2015",7,4
"2756","12/11/2015",-3,-1
"2759","12/10/2015",-1,0
"2760","12/10/2015",-2,-3
"2761","12/10/2015",1,0
"2762","12/10/2015",1,0
"2763","12/10/2015",0,1
"2764","12/10/2015",-2,2
"2765","12/10/2015",0,1
"2766","12/10/2015",1,0
"2768","12/10/2015",1,0
"2770","11/28/2015",-1,1
"2771","11/28/2015",3,1
"2772","11/28/2015",1,0
"2773","11/28/2015",-2,0
"2774","11/28/2015",1,0
"2775","11/28/2015",1,0
"2776","11/28/2015",1,0
"2778","11/28/2015",1,0
"2779","11/28/2015",-1,0
"2781","11/21/2015",2,-1
"2782","11/21/2015",-3,2
"2783","11/21/2015",0,-1
"2786","11/21/2015",-1,0
"2787","11/21/2015",1,1
"2788","11/21/2015",0,-1
"2789","11/21/2015",-1,-1
"2790","11/21/2015",1,-1
"2794","11/14/2015",-3,-3
"2795","11/14/2015",2,0
"2796","11/14/2015",1,0
"2797","11/14/2015",-1,0
"2798","11/14/2015",-3,-4
"2799","11/14/2015",0,1
"2800","11/14/2015",2,1
"2801","11/14/2015",0,-3
"2803","11/14/2015",0,1
"2805","11/14/2015",0,1
"2807","11/7/2015",8,2
"2808","11/7/2015",0,3
"2809","11/7/2015",1,0
"2810","11/7/2015",0,-1
"2811","11/7/2015",1,-2
"2812","11/7/2015",-1,0
"2813","11/7/2015",2,-4
"2814","11/7/2015",1,0
"2816","11/7/2015",-1,1
"2817","11/7/2015",1,0
"2820","10/24/2015",1,-1
"2821","10/24/2015",1,-2
"2822","10/24/2015",0,-1
"2823","10/24/2015",2,0
"2824","10/24/2015",0,1
"2825","10/24/2015",-1,0
"2826","10/24/2015",1,-1
"2827","10/24/2015",1,0
"2829","10/3/2015",-3,0
"2830","10/3/2015",-3,1
"2831","10/3/2015",-6,0
"2832","10/3/2015",2,1
"2833","10/3/2015",1,0
"2834","10/3/2015",-2,0
"2836","10/3/2015",1,0
"2839","10/3/2015",-1,0
"2840","10/3/2015",3,0
"2841","9/26/2015",-3,1
"2842","9/26/2015",2,-1
"2843","9/26/2015",2,0
"2844","9/26/2015",-1,0
"2845","9/26/2015",1,1
"2846","9/26/2015",-1,0
"2850","9/5/2015",-3,3
"2851","9/5/2015",4,-6
"2852","9/5/2015",5,0
"2854","9/5/2015",1,-1
"2855","9/5/2015",4,0
"2856","9/5/2015",1,0
"2859","9/5/2015",2,1
"2861","8/23/2015",4,-5
"2862","8/23/2015",1,-3
"2863","8/23/2015",1,-1
"2864","8/23/2015",1,2
"2865","8/23/2015",-1,2
"2866","8/23/2015",0,-1
"2867","8/23/2015",-1,0
"2868","8/23/2015",1,0
"2869","8/23/2015",0,1
"2870","8/23/2015",-1,0
"2871","8/23/2015",0,-1
"2873","8/8/2015",-2,1
"2874","8/8/2015",-3,3
"2875","8/8/2015",-2,1
"2877","8/8/2015",2,0
"2878","8/8/2015",0,2
"2879","8/8/2015",2,0
"2880","8/8/2015",0,1
"2886","8/1/2015",1,3
"2887","8/1/2015",4,0
"2890","8/1/2015",3,2
"2891","8/1/2015",-2,0
"2893","8/1/2015",-2,5
"2895","8/1/2015",0,1
"2896","8/1/2015",2,-2
"2897","8/1/2015",-1,0
"2898","8/1/2015",-1,0
"2899","7/25/2015",2,-2
"2900","7/25/2015",-1,0
"2901","7/25/2015",4,0
"2902","7/25/2015",1,7
"2903","7/25/2015",-1,2
"2904","7/25/2015",0,6
"2905","7/25/2015",1,1
"2906","7/25/2015",-2,4
"2907","7/25/2015",-2,1
"2908","7/25/2015",-2,0
"2910","7/25/2015",0,1
"2911","7/18/2015",7,-4
"2912","7/18/2015",-3,1
"2913","7/18/2015",1,0
"2915","7/18/2015",1,0
"2916","7/18/2015",1,0
"2918","7/18/2015",1,1
"2921","7/18/2015",-1,0
"2922","7/18/2015",1,0
"2923","7/15/2015",1,8
"2924","7/15/2015",1,3
"2925","7/15/2015",0,-1
"2926","7/15/2015",-1,2
"2927","7/15/2015",0,-1
"2928","7/15/2015",1,0
"2929","7/15/2015",3,-1
"2930","7/15/2015",0,1
"2931","7/15/2015",0,2
"2932","7/15/2015",0,1
"2933","7/15/2015",0,-1
"2934","7/15/2015",-1,0
"2935","7/12/2015",-2,-1
"2940","7/12/2015",-1,0
"2941","7/12/2015",0,-1
"2942","7/12/2015",0,-1
"2943","7/12/2015",0,-4
"2944","7/12/2015",1,0
"2946","7/11/2015",-1,0
"2947","7/11/2015",2,-1
"2948","7/11/2015",4,-2
"2949","7/11/2015",-2,3
"2950","7/11/2015",0,-1
"2951","7/11/2015",7,0
"2952","7/11/2015",-4,-2
"2953","7/11/2015",2,-1
"2954","7/11/2015",1,-1
"2955","7/11/2015",1,0
"2956","7/11/2015",-1,0
"2957","6/27/2015",-2,-1
"2959","6/27/2015",-1,0
"2960","6/27/2015",2,0
"2962","6/27/2015",0,1
"2963","6/27/2015",0,1
"2966","6/20/2015",1,0
"2967","6/20/2015",-3,-1
"2970","6/20/2015",1,0
"2971","6/20/2015",1,0
"2973","6/20/2015",0,-1
"2975","6/20/2015",0,-2
"2976","6/20/2015",0,-1
"2977","6/13/2015",-5,1
"2979","6/13/2015",-4,-1
"2980","6/13/2015",0,-1
"2983","6/13/2015",1,-1
"2985","6/13/2015",1,1
"2986","6/13/2015",-1,1
"2987","6/13/2015",0,1
"2988","6/6/2015",-2,0
"2989","6/6/2015",-5,0
"2990","6/6/2015",3,1
"2991","6/6/2015",-1,-4
"2993","6/6/2015",2,-2
"2994","6/6/2015",2,0
"2997","6/6/2015",2,-1
"2998","6/6/2015",0,-1
"3000","5/30/2015",-4,-1
"3001","5/30/2015",-1,5
"3002","5/30/2015",-1,0
"3003","5/30/2015",-2,0
"3004","5/30/2015",0,2
"3008","5/30/2015",-2,-1
"3011","5/23/2015",-7,1
"3012","5/23/2015",-8,0
"3013","5/23/2015",1,4
"3014","5/23/2015",2,1
"3015","5/23/2015",2,-2
"3016","5/23/2015",4,0
"3017","5/23/2015",2,-1
"3018","5/23/2015",-2,1
"3019","5/23/2015",-3,-1
"3021","5/23/2015",1,-1
"3022","5/16/2015",3,-4
"3023","5/16/2015",-2,1
"3024","5/16/2015",3,-1
"3025","5/16/2015",-1,1
"3034","5/9/2015",-1,0
"3035","5/9/2015",1,0
"3036","5/9/2015",-1,-3
"3037","5/9/2015",0,-1
"3038","5/9/2015",1,0
"3039","5/9/2015",2,2
"3040","5/9/2015",2,-1
"3042","5/9/2015",-2,1
"3044","5/9/2015",-1,0
"3046","4/25/2015",-1,2
"3047","4/25/2015",1,0
"3048","4/25/2015",7,-2
"3049","4/25/2015",2,0
"3051","4/25/2015",0,-1
"3053","4/25/2015",-1,0
"3054","4/25/2015",0,1
"3055","4/25/2015",-1,0
"3057","4/25/2015",0,-1
"3058","4/18/2015",-5,1
"3059","4/18/2015",0,1
"3060","4/18/2015",0,1
"3061","4/18/2015",1,-1
"3062","4/18/2015",-2,-3
"3063","4/18/2015",2,1
"3066","4/18/2015",1,0
"3068","4/18/2015",-1,0
"3069","4/11/2015",-4,-3
"3070","4/11/2015",2,0
"3073","4/11/2015",-1,-2
"3075","4/11/2015",0,2
"3076","4/11/2015",0,1
"3081","4/4/2015",2,-2
"3082","4/4/2015",3,-1
"3083","4/4/2015",0,2
"3084","4/4/2015",1,0
"3085","4/4/2015",-1,4
"3086","4/4/2015",1,2
"3087","4/4/2015",1,0
"3088","4/4/2015",-1,0
"3091","3/21/2015",1,6
"3092","3/21/2015",-4,0
"3094","3/21/2015",2,0
"3095","3/21/2015",0,1
"3096","3/21/2015",0,1
"3097","3/21/2015",1,1
"3098","3/21/2015",1,-1
"3102","3/14/2015",1,0
"3103","3/14/2015",0,-1
"3104","3/14/2015",-4,-1
"3105","3/14/2015",-5,0
"3106","3/14/2015",-1,0
"3107","3/14/2015",3,0
"3108","3/14/2015",1,0
"3109","3/14/2015",-3,2
"3114","2/28/2015",0,2
"3115","2/28/2015",0,-1
"3116","2/28/2015",-1,-3
"3117","2/28/2015",1,0
"3118","2/28/2015",2,-2
"3119","2/28/2015",-3,0
"3120","2/28/2015",1,0
"3121","2/28/2015",2,0
"3122","2/28/2015",-1,-1
"3124","2/22/2015",1,8
"3125","2/22/2015",-2,0
"3126","2/22/2015",1,-1
"3127","2/22/2015",-1,1
"3128","2/22/2015",-2,0
"3129","2/22/2015",1,-1
"3130","2/22/2015",0,-1
"3133","2/22/2015",-1,0
"3135","2/14/2015",-2,1
"3136","2/14/2015",3,-6
"3137","2/14/2015",2,-1
"3138","2/14/2015",0,1
"3140","2/14/2015",0,1
"3141","2/14/2015",1,0
"3142","2/14/2015",0,1
"3145","1/31/2015",4,-2
"3146","1/31/2015",-1,-7
"3147","1/31/2015",-2,3
"3148","1/31/2015",5,1
"3149","1/31/2015",-1,0
"3150","1/31/2015",-2,-3
"3151","1/31/2015",4,0
"3152","1/31/2015",-1,1
"3153","1/31/2015",0,1
"3154","1/31/2015",1,0
"3155","1/24/2015",3,-2
"3156","1/24/2015",-2,1
"3157","1/24/2015",3,-2
"3158","1/24/2015",2,0
"3159","1/24/2015",2,-1
"3160","1/24/2015",0,2
"3162","1/24/2015",1,0
"3163","1/24/2015",1,0
"3166","1/24/2015",-1,0
"3167","1/18/2015",0,-2
"3168","1/18/2015",4,3
"3169","1/18/2015",1,0
"3170","1/18/2015",0,4
"3171","1/18/2015",0,1
"3172","1/18/2015",-2,0
"3173","1/18/2015",0,1
"3174","1/18/2015",0,1
"3175","1/18/2015",0,1
"3179","1/3/2015",3,4
"3180","1/3/2015",2,3
"3181","1/3/2015",-3,-3
"3182","1/3/2015",2,-1
"3183","1/3/2015",-2,0
"3184","1/3/2015",-1,0
"3185","1/3/2015",4,0
"3186","1/3/2015",2,0
"3187","1/3/2015",1,0
"3189","12/20/2014",3,-1
"3190","12/20/2014",2,-1
"3191","12/20/2014",1,0
"3192","12/20/2014",0,-1
"3193","12/20/2014",2,2
"3194","12/20/2014",0,1
"3195","12/20/2014",-1,-1
"3197","12/20/2014",-2,0
"3199","12/20/2014",1,0
"3201","12/13/2014",5,0
"3202","12/13/2014",1,-6
"3203","12/13/2014",-3,-4
"3204","12/13/2014",0,-4
"3206","12/13/2014",1,2
"3207","12/13/2014",0,1
"3208","12/13/2014",-1,-1
"3211","12/13/2014",0,-2
"3214","12/12/2014",-5,6
"3215","12/12/2014",-2,1
"3224","12/6/2014",2,1
"3225","12/6/2014",2,0
"3226","12/6/2014",1,0
"3227","12/6/2014",0,1
"3228","12/6/2014",-2,5
"3230","12/6/2014",1,0
"3233","12/6/2014",-1,0
"3234","11/22/2014",-1,1
"3235","11/22/2014",4,-1
"3236","11/22/2014",-1,-1
"3237","11/22/2014",0,1
"3238","11/22/2014",2,1
"3239","11/22/2014",2,3
"3241","11/22/2014",-1,-1
"3242","11/22/2014",0,1
"3243","11/22/2014",-5,-2
"3246","11/15/2014",-1,1
"3247","11/15/2014",-5,1
"3248","11/15/2014",1,-1
"3253","11/15/2014",-1,0
"3257","11/8/2014",-4,1
"3258","11/8/2014",-1,1
"3263","11/8/2014",1,1
"3266","11/8/2014",1,0
"3267","11/7/2014",-8,1
"3268","11/7/2014",-3,0
"3269","11/7/2014",-1,0
"3270","11/7/2014",3,0
"3272","11/7/2014",2,2
"3273","11/7/2014",-2,0
"3275","11/7/2014",-1,0
"3278","10/25/2014",-2,0
"3279","10/25/2014",-2,1
"3280","10/25/2014",1,0
"3281","10/25/2014",0,-1
"3282","10/25/2014",-1,1
"3283","10/25/2014",1,0
"3285","10/25/2014",-1,-1
"3288","10/25/2014",0,-1
"3289","10/4/2014",2,1
"3290","10/4/2014",1,-3
"3291","10/4/2014",-1,0
"3292","10/4/2014",1,0
"3294","10/4/2014",0,2
"3295","10/4/2014",2,0
"3297","10/4/2014",-1,0
"3298","10/4/2014",0,-1
"3299","10/4/2014",1,0
"3300","10/4/2014",2,-1
"3301","10/4/2014",3,1
"3302","10/4/2014",-1,-1
"3303","10/4/2014",0,-1
"3304","10/4/2014",0,2
"3305","10/4/2014",0,1
"3306","10/4/2014",3,2
"3307","10/4/2014",0,1
"3308","10/4/2014",0,-1
"3311","9/27/2014",0,1
"3312","9/27/2014",4,4
"3313","9/27/2014",0,-3
"3314","9/27/2014",2,0
"3315","9/27/2014",-1,0
"3316","9/27/2014",-1,0
"3317","9/27/2014",-1,0
"3318","9/27/2014",1,0
"3319","9/27/2014",-1,0
"3320","9/27/2014",-1,0
"3321","9/27/2014",-1,2
"3322","9/20/2014",-4,0
"3323","9/20/2014",-1,1
"3324","9/20/2014",-1,-1
"3326","9/20/2014",0,1
"3327","9/20/2014",1,0
"3328","9/20/2014",0,-2
"3329","9/20/2014",-2,0
"3330","9/20/2014",2,0
"3331","9/20/2014",0,1
"3333","9/20/2014",-1,0
"3334","9/13/2014",5,2
"3335","9/13/2014",1,2
"3336","9/13/2014",-1,1
"3338","9/13/2014",2,-1
"3340","9/13/2014",1,0
"3342","9/13/2014",1,2
"3343","9/13/2014",-1,-1
"3344","9/13/2014",-2,1
"3345","9/5/2014",1,0
"3346","9/5/2014",1,0
"3347","9/5/2014",4,0
"3348","9/5/2014",2,4
"3349","9/5/2014",0,1
"3350","9/5/2014",0,-1
"3351","9/5/2014",-1,0
"3352","9/5/2014",1,0
"3353","9/5/2014",0,1
"3354","8/30/2014",3,1
"3355","8/30/2014",1,1
"3357","8/30/2014",-2,1
"3359","8/30/2014",0,1
"3362","8/23/2014",2,1
"3363","8/23/2014",-3,-2
"3364","8/23/2014",1,1
"3365","8/23/2014",2,1
"3366","8/23/2014",0,1
"3369","8/23/2014",0,1
"3371","8/23/2014",2,1
"3373","8/23/2014",7,0
"3379","8/23/2014",0,-2
"3380","8/23/2014",-1,0
"3383","8/16/2014",1,0
"3384","8/16/2014",2,0
"3385","8/16/2014",2,0
"3386","8/16/2014",-1,-2
"3387","8/16/2014",3,0
"3388","8/16/2014",-1,3
"3389","8/16/2014",0,1
"3390","8/16/2014",1,0
"3391","8/16/2014",1,0
"3393","7/26/2014",-4,-1
"3394","7/26/2014",4,0
"3395","7/26/2014",0,-3
"3396","7/26/2014",-1,1
"3397","7/26/2014",-3,1
"3399","7/26/2014",1,0
"3403","7/26/2014",-1,-1
"3404","7/19/2014",1,-2
"3405","7/19/2014",0,1
"3406","7/19/2014",-1,-1
"3408","7/19/2014",0,1
"3411","7/19/2014",0,-1
"3413","7/19/2014",0,-1
"3414","7/16/2014",1,-2
"3415","7/16/2014",2,-1
"3416","7/16/2014",2,1
"3418","7/16/2014",3,0
"3419","7/16/2014",0,1
"3420","7/16/2014",1,4
"3422","7/16/2014",-1,0
"3425","7/6/2014",-5,-3
"3428","7/6/2014",1,0
"3432","7/6/2014",0,1
"3435","7/5/2014",-2,1
"3436","7/5/2014",1,2
"3438","7/5/2014",0,1
"3439","7/5/2014",0,2
"3440","7/5/2014",0,1
"3441","7/5/2014",-1,-1
"3442","7/5/2014",-2,0
"3444","6/28/2014",-1,0
"3446","6/28/2014",-1,1
"3447","6/28/2014",2,1
"3448","6/28/2014",2,-1
"3451","6/28/2014",-2,0
"3455","6/28/2014",1,2
"3456","6/28/2014",-3,0
"3457","6/28/2014",0,5
"3458","6/28/2014",1,0
"3464","6/28/2014",1,0
"3465","6/14/2014",0,1
"3466","6/14/2014",-1,1
"3467","6/14/2014",2,1
"3468","6/14/2014",4,1
"3469","6/14/2014",-1,1
"3470","6/14/2014",0,-1
"3472","6/14/2014",-1,0
"3474","6/14/2014",0,-2
"3476","6/7/2014",-2,0
"3477","6/7/2014",2,0
"3478","6/7/2014",2,-1
"3479","6/7/2014",1,1
"3480","6/7/2014",-5,-1
"3481","6/7/2014",-2,2
"3482","6/7/2014",0,-1
"3484","6/7/2014",1,1
"3487","5/31/2014",1,0
"3490","5/31/2014",1,6
"3491","5/31/2014",0,-1
"3492","5/31/2014",0,-1
"3494","5/31/2014",-1,-1
"3499","5/31/2014",-4,0
"3500","5/31/2014",2,0
"3501","5/31/2014",-1,0
"3504","5/31/2014",0,1
"3505","5/31/2014",1,-1
"3509","5/24/2014",0,-1
"3510","5/24/2014",-1,0
"3511","5/24/2014",-1,0
"3512","5/24/2014",-1,0
"3513","5/24/2014",-1,0
"3514","5/24/2014",-1,1
"3515","5/24/2014",2,1
"3516","5/24/2014",0,1
"3518","5/24/2014",-1,0
"3519","5/24/2014",2,0
"3521","5/10/2014",6,-1
"3522","5/10/2014",2,0
"3524","5/10/2014",-1,0
"3525","5/10/2014",2,0
"3526","5/10/2014",1,0
"3527","5/10/2014",2,3
"3528","5/10/2014",1,0
"3529","5/10/2014",0,1
"3530","5/10/2014",-2,0
"3531","5/10/2014",1,-1
"3534","4/26/2014",2,3
"3535","4/26/2014",6,-3
"3536","4/26/2014",-2,0
"3537","4/26/2014",2,5
"3538","4/26/2014",1,0
"3539","4/26/2014",3,0
"3540","4/26/2014",2,0
"3542","4/26/2014",1,0
"3544","4/19/2014",-2,0
"3545","4/19/2014",-1,0
"3546","4/19/2014",-1,3
"3547","4/19/2014",2,0
"3548","4/19/2014",0,-1
"3549","4/19/2014",6,-1
"3550","4/19/2014",0,1
"3552","4/19/2014",0,1
"3553","4/19/2014",1,0
"3554","4/19/2014",1,0
"3557","4/16/2014",-7,0
"3558","4/16/2014",0,-2
"3561","4/16/2014",1,3
"3562","4/16/2014",-1,0
"3564","4/16/2014",1,0
"3565","4/16/2014",2,-2
"3566","4/16/2014",0,4
"3569","4/16/2014",0,2
"3570","4/11/2014",5,-2
"3571","4/11/2014",1,3
"3572","4/11/2014",-2,0
"3573","4/11/2014",1,-1
"3574","4/11/2014",-1,0
"3575","4/11/2014",0,3
"3577","3/23/2014",-5,0
"3578","3/23/2014",1,1
"3583","3/23/2014",-1,-1
"3584","3/23/2014",-1,1
"3587","3/15/2014",1,0
"3588","3/15/2014",-2,0
"3589","3/15/2014",-4,1
"3590","3/15/2014",2,0
"3592","3/15/2014",-2,0
"3594","3/15/2014",0,-1
"3595","3/15/2014",1,0
"3597","3/15/2014",1,0
"3598","3/15/2014",0,-1
"3599","3/15/2014",0,-3
"3600","3/8/2014",0,2
"3601","3/8/2014",-5,0
"3602","3/8/2014",1,1
"3603","3/8/2014",-1,1
"3604","3/8/2014",-1,-1
"3605","3/8/2014",0,1
"3606","3/8/2014",0,-1
"3608","3/1/2014",1,0
"3610","3/1/2014",2,0
"3611","3/1/2014",-1,-2
"3613","3/1/2014",0,1
"3616","2/22/2014",-1,2
"3618","2/22/2014",1,-5
"3619","2/22/2014",3,-1
"3620","2/22/2014",1,0
"3622","2/22/2014",1,1
"3624","2/22/2014",0,-1
"3625","2/22/2014",1,0
"3627","2/15/2014",5,1
"3628","2/15/2014",1,-1
"3629","2/15/2014",1,2
"3630","2/15/2014",-1,1
"3631","2/15/2014",0,4
"3632","2/15/2014",1,0
"3633","2/15/2014",0,1
"3634","2/15/2014",1,2
"3635","2/15/2014",1,0
"3636","2/15/2014",1,0
"3637","2/15/2014",0,1
"3639","2/1/2014",1,-2
"3640","2/1/2014",0,-1
"3641","2/1/2014",-2,-8
"3642","2/1/2014",-2,0
"3643","2/1/2014",1,-1
"3644","2/1/2014",-1,0
"3645","2/1/2014",1,0
"3646","2/1/2014",-1,1
"3648","2/1/2014",2,0
"3651","1/25/2014",-2,0
"3652","1/25/2014",-5,-4
"3653","1/25/2014",2,2
"3654","1/25/2014",3,0
"3655","1/25/2014",0,1
"3656","1/25/2014",1,0
"3657","1/25/2014",1,0
"3658","1/25/2014",1,-1
"3661","1/15/2014",-2,0
"3662","1/15/2014",1,0
"3663","1/15/2014",1,1
"3664","1/15/2014",2,-1
"3665","1/15/2014",0,1
"3666","1/15/2014",-1,6
"3667","1/15/2014",1,-1
"3673","1/4/2014",-2,0
"3677","1/4/2014",1,0
"3681","1/4/2014",0,1
"3683","12/28/2013",-9,-1
"3684","12/28/2013",0,1
"3686","12/28/2013",2,3
"3687","12/28/2013",0,1
"3688","12/28/2013",-7,-2
"3689","12/28/2013",1,-4
"3690","12/28/2013",1,0
"3692","12/28/2013",1,0
"3693","12/14/2013",-3,1
"3694","12/14/2013",-2,2
"3695","12/14/2013",3,-1
"3696","12/14/2013",1,5
"3697","12/14/2013",0,-2
"3698","12/14/2013",3,0
"3699","12/14/2013",1,1
"3700","12/14/2013",-1,-1
"3701","12/14/2013",1,-2
"3702","12/14/2013",1,0
"3703","12/14/2013",0,-1
"3704","12/6/2013",2,0
"3705","12/6/2013",1,-1
"3706","12/6/2013",-3,0
"3707","12/6/2013",-1,0
"3709","12/6/2013",1,0
"3714","11/30/2013",0,8
"3720","11/30/2013",0,-1
"3724","11/16/2013",0,2
"3725","11/16/2013",5,-2
"3726","11/16/2013",2,-1
"3727","11/16/2013",-5,-3
"3728","11/16/2013",1,0
"3729","11/16/2013",0,1
"3730","11/16/2013",-2,-1
"3731","11/16/2013",1,1
"3732","11/16/2013",1,1
"3733","11/16/2013",0,1
"3735","11/16/2013",-1,0
"3736","11/9/2013",9,2
"3738","11/9/2013",-2,-1
"3739","11/9/2013",0,-1
"3741","11/9/2013",3,-1
"3742","11/9/2013",1,0
"3743","11/9/2013",-1,0
"3744","11/9/2013",1,2
"3745","11/9/2013",-1,0
"3747","11/6/2013",0,-1
"3748","11/6/2013",-1,0
"3749","11/6/2013",1,0
"3750","11/6/2013",2,-1
"3751","11/6/2013",0,2
"3753","11/6/2013",-1,0
"3754","11/6/2013",-1,0
"3755","11/6/2013",1,0
"3756","11/6/2013",-1,-1
"3757","11/6/2013",1,2
"3759","10/26/2013",0,1
"3760","10/26/2013",1,0
"3762","10/26/2013",-4,0
"3763","10/26/2013",2,0
"3764","10/26/2013",0,-1
"3765","10/26/2013",-1,0
"3767","10/26/2013",1,6
"3768","10/26/2013",0,1
"3769","10/26/2013",-1,0
"3771","10/19/2013",-6,0
"3772","10/19/2013",-5,0
"3773","10/19/2013",3,4
"3774","10/19/2013",2,0
"3775","10/19/2013",2,-2
"3776","10/19/2013",-3,-2
"3777","10/19/2013",-1,-4
"3778","10/19/2013",0,-3
"3779","10/19/2013",2,-1
"3781","10/19/2013",0,-1
"3782","10/9/2013",-1,-6
"3783","10/9/2013",0,-2
"3784","10/9/2013",1,0
"3785","10/9/2013",-1,0
"3786","10/9/2013",-3,4
"3787","10/9/2013",-1,0
"3788","10/9/2013",0,-1
"3792","9/21/2013",1,3
"3793","9/21/2013",-1,2
"3794","9/21/2013",-2,0
"3795","9/21/2013",-2,2
"3796","9/21/2013",1,1
"3797","9/21/2013",1,1
"3798","9/21/2013",-1,-2
"3799","9/21/2013",1,0
"3801","9/21/2013",1,0
"3803","9/21/2013",0,-1
"3805","9/4/2013",-2,1
"3806","9/4/2013",-5,1
"3807","9/4/2013",2,0
"3808","9/4/2013",-1,-2
"3810","9/4/2013",-1,0
"3811","9/4/2013",-1,0
"3812","9/4/2013",1,0
"3816","8/31/2013",2,0
"3817","8/31/2013",0,-7
"3818","8/31/2013",2,-4
"3819","8/31/2013",-3,-1
"3820","8/31/2013",-1,3
"3821","8/31/2013",0,3
"3822","8/31/2013",0,-1
"3823","8/31/2013",1,0
"3827","8/31/2013",-1,0
"3828","8/28/2013",1,-5
"3829","8/28/2013",-1,0
"3830","8/28/2013",-1,0
"3831","8/28/2013",-1,2
"3832","8/28/2013",-1,-1
"3833","8/28/2013",1,-1
"3834","8/28/2013",1,0
"3835","8/28/2013",0,-1
"3836","8/28/2013",2,0
"3837","8/28/2013",0,-1
"3838","8/28/2013",-1,0
"3839","8/17/2013",-5,1
"3840","8/17/2013",2,1
"3841","8/17/2013",-1,3
"3842","8/17/2013",4,-1
"3843","8/17/2013",2,0
"3844","8/17/2013",0,-7
"3845","8/17/2013",1,-1
"3847","8/17/2013",0,1
"3848","8/17/2013",0,-1
"3849","8/17/2013",-1,-4
"3850","8/17/2013",-1,0
"3851","8/17/2013",-1,0
"3852","8/3/2013",0,-2
"3853","8/3/2013",-4,2
"3855","8/3/2013",-1,3
"3856","8/3/2013",1,0
"3857","8/3/2013",1,1
"3859","8/3/2013",0,1
"3861","8/3/2013",0,1
"3864","7/27/2013",-1,-1
"3865","7/27/2013",-3,1
"3866","7/27/2013",3,0
"3868","7/27/2013",0,-2
"3870","7/27/2013",6,-2
"3871","7/27/2013",-4,-2
"3872","7/27/2013",2,4
"3875","7/27/2013",-1,0
"3876","7/6/2013",-10,-1
"3877","7/6/2013",2,-3
"3879","7/6/2013",1,0
"3880","7/6/2013",0,-2
"3881","7/6/2013",-6,-2
"3883","7/6/2013",4,4
"3884","7/6/2013",3,0
"3885","7/6/2013",-1,-2
"3886","7/6/2013",2,1
"3887","6/15/2013",4,0
"3888","6/15/2013",-4,0
"3889","6/15/2013",-1,-1
"3891","6/15/2013",-2,0
"3892","6/15/2013",-1,0
"3893","6/15/2013",-1,0
"3894","6/15/2013",0,-1
"3895","6/15/2013",-1,2
"3896","6/15/2013",0,-1
"3897","6/15/2013",0,-1
"3898","6/8/2013",2,-2
"3900","6/8/2013",5,0
"3901","6/8/2013",1,1
"3903","6/8/2013",1,0
"3904","6/8/2013",1,-1
"3906","6/8/2013",0,1
"3907","6/8/2013",0,1
"3908","6/8/2013",-1,-1
"3910","5/25/2013",5,0
"3911","5/25/2013",4,0
"3912","5/25/2013",-2,1
"3913","5/25/2013",1,1
"3914","5/25/2013",2,2
"3915","5/25/2013",1,1
"3916","5/25/2013",-1,1
"3918","5/25/2013",0,1
"3919","5/25/2013",1,0
"3920","5/25/2013",1,-1
"3921","5/25/2013",4,0
"3922","5/18/2013",9,2
"3923","5/18/2013",-1,-1
"3924","5/18/2013",-1,1
"3925","5/18/2013",0,1
"3926","5/18/2013",1,1
"3927","5/18/2013",1,0
"3928","5/18/2013",0,3
"3929","5/18/2013",1,1
"3931","5/18/2013",1,0
"3935","4/27/2013",3,4
"3936","4/27/2013",3,-3
"3937","4/27/2013",-2,0
"3938","4/27/2013",0,2
"3939","4/27/2013",1,0
"3942","4/27/2013",-2,2
"3943","4/27/2013",0,1
"3944","4/27/2013",0,1
"3946","4/20/2013",-3,-8
"3947","4/20/2013",0,-8
"3948","4/20/2013",5,1
"3950","4/20/2013",0,2
"3951","4/20/2013",-1,1
"3952","4/20/2013",1,-1
"3953","4/20/2013",-1,0
"3954","4/20/2013",0,1
"3957","4/13/2013",-1,1
"3960","4/13/2013",-3,-3
"3966","4/13/2013",0,5
"3967","4/13/2013",-1,0
"3968","4/13/2013",-1,2
"3970","4/6/2013",2,0
"3971","4/6/2013",4,-1
"3972","4/6/2013",0,1
"3973","4/6/2013",-1,0
"3974","4/6/2013",-1,0
"3975","4/6/2013",-2,1
"3979","4/6/2013",-1,0
"3980","4/6/2013",0,1
"3982","3/16/2013",1,0
"3983","3/16/2013",2,0
"3984","3/16/2013",0,-2
"3985","3/16/2013",1,0
"3987","3/16/2013",2,0
"3989","3/16/2013",0,-4
"3991","3/16/2013",1,1
"3992","3/16/2013",-1,1
"3993","3/16/2013",1,-1
"3994","3/2/2013",0,-1
"3995","3/2/2013",-2,-4
"3996","3/2/2013",3,0
"3997","3/2/2013",4,0
"3998","3/2/2013",0,1
"4000","3/2/2013",1,0
"4001","3/2/2013",1,-2
"4005","2/23/2013",3,1
"4006","2/23/2013",-1,-1
"4007","2/23/2013",-1,-1
"4008","2/23/2013",-4,-3
"4009","2/23/2013",1,0
"4010","2/23/2013",0,1
"4011","2/23/2013",0,1
"4012","2/23/2013",1,0
"4016","2/16/2013",-2,1
"4017","2/16/2013",3,-3
"4018","2/16/2013",0,-1
"4019","2/16/2013",-1,1
"4020","2/16/2013",2,0
"4021","2/16/2013",-1,-4
"4022","2/16/2013",1,-3
"4024","2/16/2013",-1,0
"4025","2/16/2013",0,1
"4027","2/2/2013",-1,-1
"4028","2/2/2013",-3,0
"4030","2/2/2013",0,3
"4031","2/2/2013",1,0
"4032","2/2/2013",1,-2
"4034","2/2/2013",0,-1
"4035","2/2/2013",-5,-2
"4037","2/2/2013",-1,0
"4038","1/26/2013",-2,0
"4039","1/26/2013",-2,1
"4040","1/26/2013",-1,-2
"4041","1/26/2013",0,1
"4042","1/26/2013",-1,-2
"4043","1/26/2013",1,4
"4046","1/26/2013",-1,0
"4048","1/26/2013",0,-1
"4049","1/19/2013",0,2
"4050","1/19/2013",1,2
"4051","1/19/2013",4,3
"4052","1/19/2013",-1,-1
"4054","1/19/2013",-1,0
"4055","1/19/2013",1,1
"4056","1/19/2013",2,0
"4058","1/19/2013",1,0
"4060","12/29/2012",0,-3
"4061","12/29/2012",-2,0
"4062","12/29/2012",0,-3
"4063","12/29/2012",-7,-2
"4064","12/29/2012",0,-1
"4065","12/29/2012",1,1
"4066","12/29/2012",-6,1
"4067","12/29/2012",-2,1
"4068","12/29/2012",1,-1
"4069","12/29/2012",1,-1
"4070","12/29/2012",1,0
"4073","12/15/2012",3,0
"4074","12/15/2012",-1,2
"4075","12/15/2012",2,1
"4078","12/15/2012",0,1
"4079","12/15/2012",0,-1
"4082","12/14/2012",0,-4
"4085","12/14/2012",0,-5
"4086","12/14/2012",1,0
"4087","12/14/2012",1,-1
"4091","12/8/2012",-1,-8
"4092","12/8/2012",-2,2
"4093","12/8/2012",-5,-3
"4094","12/8/2012",0,-1
"4095","12/8/2012",0,2
"4100","12/8/2012",3,2
"4102","11/17/2012",2,2
"4103","11/17/2012",2,-5
"4104","11/17/2012",-1,1
"4105","11/17/2012",1,-2
"4107","11/17/2012",-2,0
"4108","11/17/2012",1,0
"4110","11/17/2012",1,-1
"4111","11/17/2012",1,-1
"4112","11/17/2012",1,1
"4113","11/17/2012",1,-1
"4114","11/10/2012",-9,-1
"4115","11/10/2012",0,-1
"4116","11/10/2012",1,-2
"4117","11/10/2012",0,-1
"4118","11/10/2012",1,0
"4119","11/10/2012",0,1
"4122","10/13/2012",8,1
"4123","10/13/2012",0,1
"4124","10/13/2012",-1,1
"4125","10/13/2012",0,2
"4126","10/13/2012",0,2
"4127","10/13/2012",0,4
"4128","10/13/2012",-1,0
"4129","10/13/2012",0,3
"4130","10/13/2012",0,1
"4132","10/13/2012",-2,1
"4133","10/13/2012",0,-1
"4134","10/5/2012",-2,-1
"4135","10/5/2012",4,0
"4136","10/5/2012",1,0
"4137","10/5/2012",-1,-3
"4139","10/5/2012",-1,1
"4141","10/5/2012",-1,0
"4142","10/5/2012",-1,0
"4144","9/29/2012",1,4
"4145","9/29/2012",1,-1
"4146","9/29/2012",0,1
"4147","9/29/2012",2,-1
"4148","9/29/2012",1,-1
"4150","9/29/2012",-1,0
"4152","9/29/2012",1,0
"4153","9/29/2012",-2,-2
"4155","9/22/2012",-5,2
"4156","9/22/2012",-1,0
"4157","9/22/2012",5,-1
"4158","9/22/2012",5,0
"4159","9/22/2012",2,-4
"4160","9/22/2012",-2,-1
"4161","9/22/2012",-1,0
"4163","9/22/2012",0,-1
"4164","9/22/2012",0,1
"4165","9/22/2012",-1,0
"4166","9/22/2012",1,2
"4167","8/11/2012",-2,-1
"4168","8/11/2012",-6,2
"4169","8/11/2012",4,0
"4170","8/11/2012",-1,0
"4172","8/11/2012",-1,0
"4174","8/11/2012",0,-1
"4175","8/11/2012",0,1
"4176","8/4/2012",0,-1
"4177","8/4/2012",0,1
"4178","8/4/2012",1,5
"4179","8/4/2012",2,0
"4180","8/4/2012",-1,-5
"4183","8/4/2012",0,2
"4186","7/21/2012",3,0
"4187","7/21/2012",6,0
"4188","7/21/2012",-1,1
"4189","7/21/2012",0,-1
"4190","7/21/2012",-1,-2
"4191","7/21/2012",0,1
"4192","7/21/2012",0,-2
"4194","7/11/2012",-4,2
"4195","7/11/2012",1,0
"4196","7/11/2012",2,0
"4197","7/11/2012",-1,0
"4198","7/11/2012",0,-1
"4199","7/11/2012",1,2
"4204","7/11/2012",-1,0
"4205","7/7/2012",9,2
"4206","7/7/2012",-7,0
"4207","7/7/2012",-2,0
"4208","7/7/2012",-1,5
"4209","7/7/2012",0,-2
"4210","7/7/2012",0,-1
"4211","7/7/2012",7,-1
"4212","7/7/2012",-1,-2
"4213","7/7/2012",1,0
"4214","7/7/2012",1,0
"4216","6/23/2012",6,1
"4226","6/22/2012",0,-4
"4227","6/22/2012",-2,-2
"4228","6/22/2012",1,-2
"4230","6/22/2012",1,1
"4232","6/22/2012",1,1
"4235","6/22/2012",4,1
"4236","6/22/2012",0,3
"4239","6/8/2012",1,0
"4240","6/8/2012",0,-1
"4241","6/8/2012",-1,0
"4242","6/8/2012",1,0
"4243","6/8/2012",0,2
"4244","6/8/2012",0,-1
"4249","6/8/2012",-1,0
"4250","6/1/2012",-3,5
"4252","6/1/2012",-1,3
"4259","6/1/2012",-1,0
"4260","5/26/2012",3,-8
"4261","5/26/2012",6,0
"4262","5/26/2012",2,0
"4263","5/26/2012",1,0
"4264","5/26/2012",1,3
"4265","5/26/2012",1,-1
"4266","5/26/2012",-2,1
"4267","5/26/2012",1,2
"4269","5/26/2012",0,2
"4270","5/26/2012",-1,0
"4271","5/26/2012",0,-2
"4272","5/15/2012",1,-1
"4273","5/15/2012",1,1
"4274","5/15/2012",-3,2
"4276","5/15/2012",1,1
"4277","5/15/2012",-2,-3
"4279","5/15/2012",0,1
"4280","5/15/2012",1,1
"4281","5/15/2012",1,1
"4284","5/5/2012",-1,3
"4285","5/5/2012",-2,-3
"4286","5/5/2012",4,-2
"4287","5/5/2012",-2,0
"4288","5/5/2012",-1,0
"4289","5/5/2012",1,0
"4290","5/5/2012",1,0
"4293","5/5/2012",-1,-1
"4294","5/5/2012",-1,1
"4295","5/5/2012",1,-1
"4296","4/21/2012",-2,4
"4297","4/21/2012",0,1
"4298","4/21/2012",-3,0
"4299","4/21/2012",1,0
"4300","4/21/2012",-1,-1
"4301","4/21/2012",0,4
"4302","4/21/2012",2,0
"4303","4/21/2012",3,1
"4304","4/21/2012",-1,0
"4305","4/21/2012",0,2
"4308","4/14/2012",-2,2
"4309","4/14/2012",-2,1
"4310","4/14/2012",-1,-1
"4311","4/14/2012",3,2
"4312","4/14/2012",-2,-2
"4315","4/14/2012",1,0
"4320","3/2/2012",-6,3
"4322","3/2/2012",1,-2
"4323","3/2/2012",2,0
"4324","3/2/2012",0,2
"4325","3/2/2012",-1,-5
"4326","3/2/2012",-1,-2
"4327","3/2/2012",-1,1
"4330","2/25/2012",-2,-1
"4332","2/25/2012",-6,0
"4334","2/25/2012",-2,0
"4335","2/25/2012",-1,0
"4336","2/25/2012",-2,-6
"4337","2/25/2012",1,0
"4339","2/25/2012",0,-1
"4340","2/25/2012",-1,0
"4341","2/25/2012",0,-1
"4342","2/15/2012",-1,0
"4343","2/15/2012",1,3
"4344","2/15/2012",-2,0
"4346","2/15/2012",-1,0
"4348","2/15/2012",0,-1
"4351","2/4/2012",-1,-2
"4352","2/4/2012",-1,0
"4353","2/4/2012",5,2
"4354","2/4/2012",-1,1
"4355","2/4/2012",2,3
"4356","2/4/2012",0,1
"4357","2/4/2012",1,0
"4358","2/4/2012",3,1
"4359","2/4/2012",1,0
"4362","1/28/2012",5,-2
"4363","1/28/2012",-8,1
"4364","1/28/2012",0,-3
"4365","1/28/2012",1,0
"4366","1/28/2012",2,0
"4367","1/28/2012",-1,0
"4368","1/28/2012",0,2
"4370","1/28/2012",-2,0
"4372","1/20/2012",-5,3
"4373","1/20/2012",0,2
"4374","1/20/2012",1,0
"4375","1/20/2012",2,-1
"4376","1/20/2012",3,-2
"4378","1/20/2012",0,-2
"4383","1/14/2012",2,1
"4384","1/14/2012",0,3
"4385","1/14/2012",-1,0
"4386","1/14/2012",0,-4
"4387","1/14/2012",0,2
"4388","1/14/2012",5,2
"4390","1/14/2012",0,2
"4392","12/30/2011",-2,-1
"4393","12/30/2011",0,5
"4394","12/30/2011",2,-3
"4395","12/30/2011",-1,2
"4396","12/30/2011",0,1
"4397","12/30/2011",1,-1
"4398","12/30/2011",1,0
"4399","12/30/2011",1,0
"4400","12/30/2011",-1,0
"4401","12/30/2011",0,-2
"4402","12/10/2011",0,2
"4403","12/10/2011",2,6
"4404","12/10/2011",-7,-2
"4405","12/10/2011",1,-1
"4406","12/10/2011",-1,0
"4407","12/10/2011",-1,-1
"4408","12/10/2011",-1,0
"4409","12/10/2011",0,1
"4410","12/10/2011",-1,0
"4411","12/10/2011",0,3
"4412","12/10/2011",-1,0
"4414","12/3/2011",7,0
"4417","12/3/2011",-2,-2
"4424","11/19/2011",-3,0
"4425","11/19/2011",2,0
"4426","11/19/2011",0,-1
"4427","11/19/2011",0,3
"4428","11/19/2011",1,2
"4429","11/19/2011",1,0
"4432","11/19/2011",0,2
"4433","11/19/2011",0,-1
"4434","11/19/2011",-3,0
"4436","11/12/2011",-1,0
"4437","11/12/2011",-1,-4
"4438","11/12/2011",-1,-1
"4439","11/12/2011",1,0
"4440","11/12/2011",1,2
"4443","11/12/2011",1,1
"4445","11/5/2011",-4,-2
"4447","11/5/2011",7,0
"4448","11/5/2011",-1,1
"4449","11/5/2011",1,3
"4451","11/5/2011",0,-1
"4455","10/29/2011",-3,-2
"4456","10/29/2011",3,0
"4457","10/29/2011",-1,-1
"4458","10/29/2011",1,0
"4459","10/29/2011",-1,0
"4460","10/29/2011",-2,-1
"4461","10/29/2011",-1,-1
"4462","10/29/2011",4,0
"4466","10/8/2011",0,1
"4467","10/8/2011",-3,-7
"4468","10/8/2011",-2,-1
"4469","10/8/2011",0,-1
"4470","10/8/2011",-5,5
"4471","10/8/2011",-1,5
"4472","10/8/2011",-4,0
"4473","10/8/2011",-2,0
"4474","10/8/2011",1,-1
"4475","10/8/2011",1,-2
"4478","10/1/2011",0,2
"4479","10/1/2011",5,0
"4480","10/1/2011",1,0
"4481","10/1/2011",3,2
"4482","10/1/2011",-1,1
"4485","10/1/2011",0,2
"4487","9/24/2011",0,2
"4488","9/24/2011",-3,-2
"4489","9/24/2011",1,0
"4490","9/24/2011",2,-1
"4491","9/24/2011",0,6
"4492","9/24/2011",1,0
"4493","9/24/2011",2,-1
"4494","9/24/2011",0,1
"4496","9/24/2011",1,-1
"4497","9/17/2011",3,0
"4498","9/17/2011",-1,2
"4499","9/17/2011",1,0
"4500","9/17/2011",1,-1
"4501","9/17/2011",0,-1
"4502","9/17/2011",1,1
"4503","9/17/2011",-1,0
"4509","8/27/2011",4,3
"4510","8/27/2011",2,-2
"4512","8/27/2011",-3,1
"4513","8/27/2011",-3,0
"4514","8/27/2011",-3,0
"4515","8/27/2011",0,1
"4516","8/27/2011",1,1
"4521","8/14/2011",0,5
"4522","8/14/2011",-2,-3
"4523","8/14/2011",0,-1
"4524","8/14/2011",0,-1
"4525","8/14/2011",-1,-2
"4527","8/14/2011",1,0
"4528","8/14/2011",-1,0
"4530","8/14/2011",1,4
"4533","8/6/2011",-4,-2
"4534","8/6/2011",7,1
"4535","8/6/2011",-1,-1
"4536","8/6/2011",-4,0
"4537","8/6/2011",0,-1
"4538","8/6/2011",-4,2
"4540","8/6/2011",1,-1
"4541","8/6/2011",2,-1
"4545","7/2/2011",4,2
"4546","7/2/2011",1,0
"4547","7/2/2011",6,1
"4548","7/2/2011",1,0
"4549","7/2/2011",5,0
"4550","7/2/2011",-1,-3
"4551","7/2/2011",0,1
"4552","7/2/2011",1,0
"4553","7/2/2011",-1,0
"4555","6/26/2011",4,0
"4556","6/26/2011",-1,-1
"4557","6/26/2011",1,1
"4558","6/26/2011",3,-1
"4559","6/26/2011",1,-1
"4560","6/26/2011",-2,-3
"4561","6/26/2011",2,4
"4562","6/26/2011",1,-2
"4565","6/11/2011",1,0
"4566","6/11/2011",3,7
"4567","6/11/2011",3,-5
"4569","6/11/2011",0,1
"4570","6/11/2011",-3,-2
"4572","6/11/2011",2,1
"4575","6/11/2011",1,0
"4576","6/11/2011",1,0
"4578","6/4/2011",1,4
"4579","6/4/2011",-1,1
"4582","6/4/2011",4,0
"4588","5/28/2011",-2,0
"4589","5/28/2011",1,7
"4590","5/28/2011",-1,-2
"4591","5/28/2011",-6,1
"4592","5/28/2011",0,1
"4594","5/28/2011",0,-2
"4595","5/28/2011",1,2
"4598","4/30/2011",5,2
"4599","4/30/2011",-1,-1
"4600","4/30/2011",-5,-3
"4601","4/30/2011",1,0
"4602","4/30/2011",0,-4
"4603","4/30/2011",-1,-5
"4604","4/30/2011",2,0
"4605","4/30/2011",0,-1
"4607","4/30/2011",2,1
"4609","4/30/2011",1,0
"4610","3/26/2011",-1,2
"4611","3/26/2011",4,0
"4612","3/26/2011",-1,-1
"4613","3/26/2011",0,-1
"4616","3/26/2011",1,0
"4618","3/26/2011",0,-1
"4619","3/26/2011",2,0
"4620","3/26/2011",1,0
"4622","3/19/2011",-1,2
"4624","3/19/2011",1,3
"4625","3/19/2011",4,-1
"4626","3/19/2011",-1,-1
"4627","3/19/2011",2,-1
"4628","3/19/2011",1,0
"4629","3/19/2011",0,-1
"4630","3/19/2011",0,-2
"4632","3/19/2011",0,1
"4634","3/3/2011",4,-4
"4635","3/3/2011",1,-2
"4636","3/3/2011",-4,0
"4638","3/3/2011",1,-1
"4639","3/3/2011",-2,-3
"4640","3/3/2011",0,-2
"4642","3/3/2011",0,-2
"4643","3/3/2011",0,3
"4644","3/3/2011",0,1
"4645","2/26/2011",2,0
"4646","2/26/2011",2,-2
"4647","2/26/2011",-1,-5
"4648","2/26/2011",1,1
"4649","2/26/2011",-2,-2
"4650","2/26/2011",0,1
"4656","2/5/2011",0,2
"4657","2/5/2011",-8,1
"4658","2/5/2011",0,1
"4659","2/5/2011",2,-1
"4661","2/5/2011",-1,-1
"4664","2/5/2011",1,0
"4665","2/5/2011",0,-1
"4666","2/5/2011",0,1
"4667","1/22/2011",4,-1
"4668","1/22/2011",2,-1
"4669","1/22/2011",0,1
"4670","1/22/2011",1,0
"4671","1/22/2011",1,-2
"4672","1/22/2011",3,0
"4673","1/22/2011",1,1
"4678","1/1/2011",-6,-1
"4679","1/1/2011",0,-6
"4680","1/1/2011",0,3
"4681","1/1/2011",0,-4
"4683","1/1/2011",-2,0
"4685","1/1/2011",0,1
"4687","12/11/2010",0,-1
"4688","12/11/2010",1,1
"4689","12/11/2010",1,0
"4690","12/11/2010",-2,-1
"4691","12/11/2010",5,0
"4692","12/11/2010",0,1
"4693","12/11/2010",0,-1
"4694","12/11/2010",-1,0
"4695","12/11/2010",-1,3
"4698","12/4/2010",2,1
"4699","12/4/2010",-2,3
"4700","12/4/2010",-1,1
"4701","12/4/2010",0,1
"4707","12/4/2010",-1,0
"4708","11/20/2010",1,-1
"4709","11/20/2010",-2,-1
"4710","11/20/2010",-3,0
"4711","11/20/2010",-2,1
"4712","11/20/2010",-1,-1
"4713","11/20/2010",-1,-1
"4715","11/20/2010",-1,0
"4717","11/20/2010",0,1
"4718","11/20/2010",-1,-1
"4719","11/13/2010",0,-2
"4720","11/13/2010",2,1
"4721","11/13/2010",0,1
"4722","11/13/2010",1,2
"4723","11/13/2010",0,-1
"4724","11/13/2010",1,0
"4726","11/13/2010",1,-2
"4729","10/23/2010",3,-1
"4730","10/23/2010",-1,-4
"4731","10/23/2010",4,-1
"4732","10/23/2010",-3,-1
"4733","10/23/2010",-3,-2
"4734","10/23/2010",0,-1
"4735","10/23/2010",-2,1
"4737","10/23/2010",-1,0
"4740","10/16/2010",6,0
"4742","10/16/2010",-1,2
"4747","10/16/2010",3,2
"4748","10/16/2010",-1,0
"4749","9/25/2010",-1,6
"4750","9/25/2010",1,0
"4751","9/25/2010",-1,4
"4753","9/25/2010",2,0
"4754","9/25/2010",1,-1
"4755","9/25/2010",1,0
"4756","9/25/2010",0,1
"4758","9/25/2010",1,0
"4760","9/15/2010",3,-1
"4761","9/15/2010",-1,1
"4763","9/15/2010",0,3
"4764","9/15/2010",3,1
"4766","9/15/2010",-2,-1
"4767","9/15/2010",1,0
"4769","9/15/2010",1,0
"4770","8/28/2010",-5,-3
"4771","8/28/2010",7,3
"4772","8/28/2010",-1,5
"4773","8/28/2010",-2,-7
"4774","8/28/2010",-2,1
"4775","8/28/2010",2,3
"4776","8/28/2010",-1,0
"4777","8/28/2010",-1,2
"4778","8/28/2010",-1,-1
"4780","8/7/2010",7,2
"4781","8/7/2010",-6,3
"4782","8/7/2010",1,1
"4783","8/7/2010",8,1
"4784","8/7/2010",3,0
"4785","8/7/2010",0,-3
"4786","8/7/2010",0,1
"4787","8/7/2010",1,0
"4788","8/7/2010",2,0
"4789","8/7/2010",0,2
"4790","8/7/2010",-2,0
"4791","8/1/2010",0,1
"4792","8/1/2010",2,0
"4793","8/1/2010",-1,0
"4794","8/1/2010",-1,-1
"4795","8/1/2010",0,-1
"4796","8/1/2010",-1,-1
"4797","8/1/2010",-3,0
"4798","8/1/2010",0,-1
"4799","8/1/2010",-1,0
"4800","8/1/2010",0,2
"4801","7/3/2010",-2,0
"4802","7/3/2010",6,1
"4803","7/3/2010",-2,3
"4804","7/3/2010",-1,0
"4805","7/3/2010",0,-1
"4806","7/3/2010",1,0
"4808","7/3/2010",1,2
"4809","7/3/2010",2,0
"4813","6/19/2010",3,0
"4814","6/19/2010",3,1
"4815","6/19/2010",0,-1
"4821","6/19/2010",-1,0
"4822","6/12/2010",-2,1
"4823","6/12/2010",1,0
"4824","6/12/2010",0,3
"4826","6/12/2010",0,-1
"4828","6/12/2010",2,-1
"4829","6/12/2010",-4,0
"4830","6/12/2010",0,1
"4832","6/12/2010",-1,1
"4833","5/29/2010",1,0
"4834","5/29/2010",6,-2
"4835","5/29/2010",-1,0
"4837","5/29/2010",-4,0
"4838","5/29/2010",1,-1
"4839","5/29/2010",1,0
"4840","5/29/2010",4,0
"4841","5/29/2010",-2,0
"4843","5/29/2010",0,1
"4844","5/8/2010",0,-1
"4845","5/8/2010",3,3
"4846","5/8/2010",3,0
"4847","5/8/2010",1,0
"4848","5/8/2010",1,2
"4850","5/8/2010",0,3
"4852","5/8/2010",1,-1
"4853","5/8/2010",0,-2
"4854","5/8/2010",-2,-3
"4855","4/10/2010",7,-3
"4856","4/10/2010",-5,-3
"4857","4/10/2010",7,4
"4858","4/10/2010",-1,-3
"4859","4/10/2010",-1,-2
"4860","4/10/2010",-1,0
"4861","4/10/2010",-1,0
"4862","4/10/2010",-1,1
"4863","4/10/2010",-1,0
"4865","3/31/2010",3,6
"4866","3/31/2010",1,-2
"4867","3/31/2010",-2,0
"4868","3/31/2010",-2,-1
"4869","3/31/2010",1,0
"4871","3/31/2010",-1,0
"4872","3/31/2010",-1,2
"4873","3/31/2010",3,0
"4874","3/31/2010",1,0
"4876","3/27/2010",4,2
"4877","3/27/2010",1,-7
"4878","3/27/2010",1,3
"4879","3/27/2010",-1,2
"4880","3/27/2010",1,-1
"4881","3/27/2010",-1,5
"4882","3/27/2010",-3,1
"4883","3/27/2010",-2,1
"4886","3/21/2010",-4,0
"4887","3/21/2010",-1,-2
"4888","3/21/2010",3,-1
"4890","3/21/2010",1,-1
"4891","3/21/2010",1,-1
"4892","3/21/2010",-1,0
"4893","3/21/2010",1,0
"4896","3/21/2010",0,-2
